,user_name,date,rating,review_text
0,임성호,1달 전,4,참 멋진곳입니다 이직 많은 사람들이 찾지않아 더욱 한적하면서 산책하기도 구경하면서 옛 추억들을 되새기기에 정말 최적에 장소입니다.  먹는것 빼고 대부분이 잘 갖추어진곳으로 너무 많은분들이 찿을까봐 솔직히 걱정되는곳입니다.
1,웅앵웅,1달 전,5,한적한 평일에 운전연습하기 좋아용 연습하다가 주차해놓고 길따라 산책도 하고 좋네요
2,박영재,1달 전,5,어제 비가 와서 웅덩이가 있었지만 다리밑은 시원하고 좋았어요~
3,빅부즈술탄,4달 전,4,"가족, 연인등 산책하고 좋고 봄향기 제대로 느낄수있음. 자전거 대여에 4발자전거는 비추 합니다. 힘들고 차라리 걷는게 좋음"
4,안세민,2주 전,4,시원합니다  해바라기꽃이 피었내요
5,psyche_portrait,4달 전,5,"유채.벚꽃.핑크뮬리.계절마다 각양각색으로 
사계절대나무숲과 자전거도로와
맥도생태공원과 벚꽃십리길있고
주차장도 많으며 메인은 주차장5번.6번.7번이며 
가운데3번쪽도 많이펴있어요"
6,조정아,1주 전,4,8월은 해바라기가 예쁨
7,youngjin Kwon,3주 전,4,산책하기 좋고 라이딩도 좋아요
8,손숙자,3달 전,5,"도시에서 이렇게 아름다운넓은 평원은 보기 힘들거여요.
유채꽃 ㆍ벚꽃ㆍ대나무숲 경관을 다 둘러볼 수 있어요.!"
9,서상학,5달 전,5,봄이면 유채꽃과 낙동강변 30리 벚꽃길이 멋진 경관과 운치를 느낄수 있으면 여름에는 생태공원에서의 낭만이 있으며 가을 겨울에는 갈대등과 겨울 철새들의 경관을 느낄수 있는 부산의 멋진 탐방 코스 입니다
10,최현숙,5달 전,5,작년유채꽃 축제갔었는데 넘 넓고 구경하면서 사진찍고 즐거운 시간보냈어요 유채꽃향 좋았어요
11,Ace Ahn,4달 전,5,넓은 공원에 아름다운 유채꽃이 활짝 피었어요~
12,박희주,2달 전,5,깨끗하고 느긋하게 보낼수 있어요.
13,찐밍,5달 전,5,"유채꽃이 진짜..bb
말하면 입아플정도로 좋고 유명한 곳
솜사탕 사서 사진찍으면 인생샷도 건짐
가격은 관광지라 조금 비쌈"
14,걍다니엘,1달 전,4,넓은 유채꽃 들판
15,강태옥,4일 전,3,긴 장마끝에 홍수라니 ㅡ조심합시다 ᆞ
16,배권한,4주 전,5,정말 쉬는 공간 좋아요
17,조성호,1달 전,5,활어회 명품집
18,주꼬시,2주 전,4,더운 여름날씨에 음료수 자판기라도 있어면 좋겠음
19,황상규,1달 전,5,아름답고 시원하네요~
20,서순용,1년 전,4,"수만평의 넓은 고수부지에 조성되어 있으며 봄에는 벚꽃과 유채,늦여름과 가을에는 메밀과 코스모스 해바라기 등을 볼 수 있습니다. 특히 낙동강제방을 따라 조성된 벚꽃길과 광할한 유채꽂밭의 아름다움을 동시기에 즐길수 있는 곳입니다. 지하철역이 인근에 있어 접근성 좋음."
21,임지훈,7달 전,5,"유채꽃이 피었을때 강둑에는 벚꽃이 만발이고... 
봄에 사진찍기 아주 좋은 장소인듯 하다"
22,이승한,7달 전,4,봄엔 꽃구경과 상쾌한 강바람을 벗삼아 애들과 함께 자전거 타기도 그렇고 산책과 조깅하기도 괜찮은것 같네요.
23,u GUYs,5달 전,4,운동하기 정말 좋은 장소입니다. 자전거 라이딩하기 최고 !!
24,하짱,5달 전,5,도심속 가까운 공원이기에 힐링하기 좋은장소
25,굿보리오,1년 전,4,"해마다 봄이면 벚꽃과 유채꽃의.시작을 알리고 넓은 자연 풀밭이 친환경적이라 아이들과 함께방문하여 즐거운 놀이공간을.제공하는 곳입니다. 가족동반 피크닉장소로.최고이지요~
올해 벚꽃시즌에는.비바람이 없어서 벚꽃도 오랫동안볼수있고 유채꽃도 함께 피어서 좋습니다."
26,걷남,8달 전,5,넓은 들에 혼자 떨어져있는 느낌이라 편하고 힐링하는 기분으로 걸을수있고 사진찍기 좋은 화원도 존재해서 방문할만 합니다
27,IL UK Jeon,1년 전,4,"대저는 근처 화명 삼락 맥도 보다 넓고 길게 쭉 뻗은 공항로 옆 뚝길 옆에 다가 및으로 내려가면 예전에 수십년전에 비닐 하우스 하던곳을 유체꽃 축제 하고 평상시 에는 그냥 허허 벌판으로 있어서 축제때 아니고는 사람들이 적는곳임 등구 지나서 맥도 쪽으로 올라가면 조깅인나 걷기 하는 사람들 좀 있음
사진속에 설명은 대저에는 다양한 자전거를 유로로 대여를 해주고 있으며 다음은 구포대교 위를 걷다가 및에 모습들임"
28,아도두,3주 전,4,자전거타기 좋음
29,강선미,8달 전,4,"드넓은 지평선을 보며 달리면 시원하죠 
마음이 답답할때 추천🧚‍♀️"
30,임동현,5달 전,4,느긋하게 바람쐬며 여유 즐기기에 괜찮아요
31,편현우,1년 전,4,"4월에 유채꽃 축제를 한다해서 대저생태공원을 들렸습니다. 넓은 생태공원전역에 유채꽃이 가득 뒤덮어서 정말 장관이 따로 없었습니다.
거기다 각종 행사나 길거리음식들도 팔고 축제느낌이 물씬 뭍어나는곳이라 너무나 좋았습니다
가을에는 핑크뮬리가 대저생태공원을 가득 매운다던데 가을에도 기대가 되네요^^
한번쯤은 꼭 축제나 혹은 조금 걷고싶은날
와보시는걸 추천드려요^^"
32,MJ,10달 전,5,"대저 생태 공원
핑크 물리 축제 (홍 쥐꼬리새)
Pink muhly Grass
녹색이 차츰 분홍색으로 변하고 지금은 자색의 꽃 의식들은 이하 구름같은 모습을 연출 합니다
색깔이 참 곱고 예뻐요."
33,Kyungae Mun,1년 전,5,"4월중순 지나고 부산 놀러가서 어디갈까 고민하다가 축제가 끝난기간이었는데도 유채꽃이 아직 있다는 정보만 가지고 무작정 갔던 곳이에요.
도착하고나서 오길 정말 잘했다고 생각했어요!
넓게 트인 곳이 마음까지 트이는 그런곳이었어요!
이렇게 많은 유채꽃밭도 초음봤는데 정말 예뻤습니다"
34,Cho Windmark,1년 전,4,대저생태공원 과 그 주변에는 봄나들이 하기 좋은곳이다. 부산강서 낙동강30리벚꽃축제장과 매년 4월초 낙동강주변을 노랗게 물들이는 부산낙동강유채꽃축제 가 열리는 곳 으로 강서낙동강둑 벚꽃길 아래 대나무숲길이 조성되어 걷기도 좋다.
35,Jongjin Kim,5달 전,5,조용히 산책하기 참 좋은곳
36,Flame Shin,6달 전,4,도심에서 이런 공원을 즐길 수 있다는 것이 복이다. 조용하고 도보와 사색을 즐길 수 있다.
37,이덕재,1년 전,4,"넓고 탁트인 공간입니다. 주차공간이 많습니다. 유채꽃이나 핑크뮬리같이 계절마다 특색있는 식물을 기릅니다. 산책을 즐기기에도 좋습니다. 자전거를 대여해주는 곳이 있습니다. 캠핑, 운동, 드론 등 레저를 즐길 공간이 따로 마련되어있습니다."
38,cUac L,4주 전,1,뭐가좋다는건지
39,Steve Hyuk Park,1달 전,4,사실.. 크게 볼거는 없음..
40,C.W Lee,1년 전,4,"3월말에서 4월이면 벗꽃축제부터 토마토축제 유채꽃축제가 연이어 열리며 수많은 인파가 찾는곳이죠. 
주차공간은 많지만 워낙에 많은사람이 찾기 때문에 지하철을 이용하는게 더 편할수도 있어요.
자전거도 대여해서 탈수있고
생태공원 동쪽끝에 오토캠핑장 시설도 유료로 이용할수 있습니다."
41,김영록,1년 전,5,"벚꽃축제에 다녀왔습니다.
작년은 주말에 가서 그런지 주차때문에 불편했는데
올해는 평일에 갔더니 그런 불편은 없었네요.
안내요원분들이 곳곳에 배치되어 활동해 주셔서 질서가 잘 유지되는것 같았습니다.
여러체험부스가 있어서 아이들과 같이가면 유/무료로 만들기 등 여러가지 쳬험할 기회가 많습니다.
자전거 대여점도 있는데 아동 한시간3000원이라 부담없이 이용할수 있었습니다."
42,이명숙,9달 전,4,유채꽃 필때 가면 좋아요 모래 바닥이라서 신발이 하얗게 된다는거 빼곤 ㅋ ㅋ
43,최환,1년 전,4,"유채꽃의  향기가  진동을  하고,  주차장은  넓고,  화장실도  잘갖춰져있는데,  주차장진입안내가  명확했으면합니다.  잘못진입하는  차량  여럿목격됩니다.  철따라  피는  꽃은  감동을  줍니다."
44,배성희,1년 전,4,도심에 유채밭 사실 어려운 상상입니다.그런데 감사하게도 3호선 지하철역근처라 편리합니다.넓은 유채밭을거닐면 마음이 밝아지고 잠념이 사라져요.잠시 내려놓고 감상하기  좋습니다
45,김이호,1년 전,4,"대저 벚꽃축제와 유채꽃축제가 해년마다 열리고 있어서 이제는 전국적으로도 많이 알려진 유명 축제로 자리잡은 곳에 위치한 대저생태공원은 늘 사람들의 발길이 이어지는곳이다.
자전거를 빌려 주는곳이 있어서 자전거를 타고 둑방길을 한바퀴 돌아보면서 운동도 하고 구경도 하면서 즐거운 시간을 보낼수 있는 좋은 장소며 주차장 곳곳에 잘 만들어져 있어서 승용차를 이용하여 대저생태공원으로 바로 진입할수도 있고 버스나 경전철 지하철을 이용하여…"
46,정정미재,1년 전,5,"봄이되면 토마토 축제며, 벚꽃 30리 걷기대회  또는축제를 하며  우리나라에서 최고로 넖은 유채꽃밭이라고  알려져  여기저기 다른지방 해외 일본인 베트남  등동남아 여러곳에서 구경을  많이
하러  오더라구요 
저또한 1년에 한두번은 꼭  구경하러 간답니다 운동기구  자전거 타기 등 다양하게  볼꺼리 구경꺼리가 좋아 산책 하기 딱이네요
 한번 쯤  가 볼만한곳입니다~~^^"
47,조현정,1년 전,4,밤에 간지라 유채꽃이 어디에 잇는지도안보엿다.하지만 조명이켜진 다리와 산책로는 끝내주는 기분을 선사햇다
48,김 야고보종포,9달 전,4,자연의소중함을 느끼게 하는 산책하기 좋아요
49,김기태,1년 전,5,유채꽃밭이 정말 넓더군요.. 그리고 향기도 정말 많이 나서 참 즐거운 나들이였습니다. 축제는 오늘까지지만 꽃은 다음주까지도 만발할 것 같아요.
50,정주희,1년 전,5,흐린날 방문했음에도 축제날 가서 그런지 사람이 엄청 많았음. 꽃이 넓은 대지에 잔득펴 있어서 장관이었음. 사진찍느라 바쁜 사람들~ 하루 힐링하기 좋습니다. 일찍 안오믄 주차하기 힘들고 차막힘
51,부동산은 슈퍼대디채평가사,4달 전,5,자연 그대로 너무 좋음.
52,Namsook Chung,11달 전,4,"봄이되면 유채꽃으로 낙동강하구를 아름답게 노란물을 들인다.
유채꽃 축제가 해를 거듭할수록 빛이난다."
53,Don't Lookback,1년 전,3,올해 유채는 예쁘긴 했으나 전년도 유채들보다 키도 작고 모래바람을 제대로 맞았는지 흙먼지가 쌓여 색이 조금 죽어 아쉬웠음. 화장실은 쓕대밭.. 관리가 더 필요해보여요
54,정동이,1년 전,3,"해마다 봄이면 드넓은 생태공원에 유채꽃이 그림처럼 펼쳐져 있고 30리길 따라 벚꽃축제가
비슷한 시기에 열려 사람들의 발걸음이 바쁘다.
계절에따라 해바라기, 코스모스꽃으로 유혹하지만
특별한 관리가 부족해서 유채꽃 필 무렵이 제일 좋은 것 같고,
생태공원은 넓은데 화장실이나 세면장(손씻을)같은 시설이 턱없이 부족할뿐만아니라 관리가 부족해서 기분을 상하게 한다. 발품팔면서 다녀보니 우리나라에서 제일 많이 변화하고 깨끗해진 곳은 화장실 문화 아닐까 싶은데, 대중교통(도시철도3호선)을 이용하면 (강서구청하차)주차걱정할 필요도 없고,"
55,정치성,1주 전,5,조용해서
56,Dong Young KIM,1년 전,4,넓은 장소에 많은 유채꽃이 심겨져 있습니다. 가족 연인과 방문하기 좋습니다. 주말에 주차하기 힘듭니다.
57,E.K JO,7달 전,5,봄날에 가시면 인생샷을 건질 수 있습니다. 주차하시고 낙동강 길을 따라 쭉 걸어보세요.
58,oh! 시니다니 TV,1년 전,4,부산낙동강유채꽃축제. 오늘까지여서 갔는데 엄청 넓어서 놀랬네요. 남지유채꽃에 비해서 키가 작았어요. 꽃 사이로 미로처럼 길이 엄청 많았어요. 마지막날 늦은 시간이라 그런지 사람도 많지 않았고 주차도 수월하게 했어요. 음식은 좀 다양한것 같았어요. 엔제리너스도 나와있어서 좀 놀랐네요. ㅎㅎ
59,jongsup yun,9달 전,5,낙동강변이라 탁 튀여있어 좋아요
60,Fedor Thunder,1년 전,5,"대중교통(지하철)로 접근성도 좋고, 차량을 이용해도 주차장소가 많아 좋은 공원이다. 봄이면 남지나 제주 부럽지 않을만큼 유채가 만개하여 찾는 이들에게 환상적인 풍경을 선사한다. 다만, 부산 바로 옆이라 사람이 많아도 너무 많긴하다. 살짝 꽃이 지고 방문하는 것도 나쁘지 않은 선택. 구석구석에 앉아서 쉴 수 있는 공간도 많고, 돗자리를 깔고 앉을 수 있는 장소도 있어서 좋다.  주차장 인근으로 식품판매하는 차량도 있는데 사실 딱히 사먹을 것은 없다. 그냥 도시락 만들어 와서 피크닉 하는게 더 좋을 것 같음."
61,민성아빠,1년 전,4,"경치가 좋아요..   하지만 아줌마3명.. 아저씨2명이
개인주의 때문에 출입 금지선을 넘어 들어가서 사진을 찍고감... 당연히 밟고 들어간 자리는 쑥대밭...."
62,빈터의 삶의 여정,1년 전,5,"부산 제일의 유채꽃 단지.
축제는 끝났지만 낙동강길 자전거타고 여행가능.
주변 생태공원많고 볼거리많음.교통편리.
부산3호선 전철 강서구청역 3번출구.
자전거 대여점도 있슴"
63,박은숙,1년 전,4,얘들이랑재밌게놀고맛있는음식도많았어요유채꽃이가득있어서향기를맡으니정말봄이왔구나라는생각이들더군요가족과함께가보는것도좋을듯하네요간만에즐거웠어요!
64,멍구스MungGoos,1년 전,5,유채꽃도보고 가족 나들이로 나가긴 아주 좋은듯해요 몇몇분들은 돗자리도 챙겨와서 도시락도 먹는모습도 참좋앗구요 봄에 축제도 많고해서 좋은데 미세먼지없는날이면 엄청 좋을듯합니다 다음에 시간나면 다시한번더 가고싶네요
65,Jangwon Lee,1년 전,5,"봄엔 유채꽃평원과 벚꽃터널.
가을엔 핑크뮬리의 향연.
아이와 자전거같이 타기."
66,박부돌,1년 전,4,유채꽃 축제를 매년하고있는데 어린이들이 선생님하고 교육차온에사 많이 오고있습니다.정말로 넓고 좋았어요
67,미래중년포비,10달 전,5,계절마다 다른 볼거리가 있어서 좋습니다
68,Seong-Jun Lim,1년 전,4,"이맘때면 낙동강변을 온통 노랗게 물들이는 유채.
벚꽃과 유채를 함께 즐길 수 있는 공간.
특유의 지린내가 있지만 탁트인 공간과 강을 감상할 수 있는 곳.
축제시기 바글대는 사람들을 피해 생태공원길을 걸어주면서 보는 유채밭과 강변 벚꽃은 한편의 수채화.
Tip. 강건너 구포에 주차하고 구포다리 넘어오며 보는 유채밭은 자체드론에 차막힘을 피하는 요령.
단 걷기 좋아하는 사람에 해당^^~"
69,이창미,1년 전,5,"겨울빼고 나들이 하기좋아요.
아,캠핑장은 사계절 좋습니다"
70,Yeajin Kim,1년 전,2,"횡하니~볼껀 없습니다..
자전거타기는 짱인듯ㅎ
주변 편의시설이 거의 없으니 물이나 간식거리는 꼭 챙겨가시구요~
자전거는 성인 1인 1시간에 3,000원으로 저렴했어요~~"
71,오경종,1년 전,4,넓은 유채밭을 돌며  꿏향기를 맡으니  심신이 맑아진다. 몸과 마음이 지친 사람이 힐링하기에 좋다.
72,piaDIK,1년 전,4,축제때 가면 볼거리도 많고 먹을거리도 많음. 매년 축제를 하는데 매년 많은 사람이 와도 넓어서 많이 복잡하지 않음.
73,김철호,1년 전,4,"유채꽃과 벚나무가 만개하였고,  왕수선화랑 튤립도 동시에 즐기실 수 있으니 빨리빨리 방문 바랍니다.
올해꽃은 올해 볼 수 있도록.."
74,진재갑,1년 전,5,벚꽃과 유채꽃을 따로가지않고 한눈에 볼수있는곳   축제기간에는 다양한 먹거리와 볼거리도 있으니 한번가보세요^^
75,백창기,4달 전,5,인생에  한번은  가 봐야  하는  곳
76,이정희,1년 전,5,부산서 전철을 타고  대저 생태공원을 처음 가 봤는데 엄청 넓고  마침 유채꽃 축제 기간이라  멋진 광경이 많았고  먹거리와 맛있는 커피도 잔뜩 먹고 실컷 놀다가 왔어요
77,munu lee,1년 전,4,좋았음. 그런데 몇달 뒤에 가면 꽃이 싹 사라져서 꽃도 공사로 처리하는 상품같은거구나 하는 생각이 들어 씁쓸함..
78,이제동까스,1년 전,5,"유채꽃보기 좋아요.
자전거 렌트해서 한바퀴 돌고왔어요.
3월 28일부터 벚꽃나무도 절정인듯."
79,윤무석,2년 전,4,"가끔 한 번씩 들러는 곳입니다. 강변의 넓은 공간을 활용한 다채로운 프로그램이 만들어 지는 곳, 그냥 거니는 것 만으로도 마음의 조율을 가져다 주는 곳. 자연, 그대로도 좋지만 훼손을 최소화 하면서 인간의 손길로 어루만진 자연은 편리하면서 남녀노소 누구나 즐길 수 있는 장소로 탈바꿈한 것에 늘 감사하는 마음이드는 곳."
80,이주영,1년 전,5,"걷기에 아주 좋습니다.
시기 잘 맞추면 볼거리도 많습니다"
81,i soon,7달 전,4,핑크뮬리 있을 때 가봤는데 꽃피는 봄여름엔 더 예쁠 것 같아요 사진은 보정이 들어간 거라 저렇게 환한 핑크는 아닙니다
82,flipkim68,1년 전,4,자전거 빌려줌 3천원. 캠핑장넓음. 유채꽃이 환상
83,임현주,1년 전,5,"마침 축제기간이라 다양한 체험행사가 진행되고 있어 나들ㅇ가기 안성맞춤이다 
 유채꽃이 활짝 펴서 기분도 덩달아 좋아지는 하루였다 
다만 진입로 정체로 많이 대기하다 들어가야한다는 불편함은 감수해야겠다"
84,달려라뽀송이,1년 전,5,데이트 하기도 좋고 주변에 사상 르네시떼 홈플러스 이마트도 있어서 좋아요 맛집도 많답니다
85,김봉철,1년 전,5,"봄 날씨도 좋고 유채꽃이 너무너무 이쁘고 좋아요..가족, 연인 걷고 데이트하기 너무 좋아요!!!"
86,SKY WARP,2년 전,5,"부산도심에서  유일한 낙동강변의 상태 자연공원 입니다.
가을저녁 해지는 강변 갈대와 어을어진 색의 조화는 한폭의 그림 같습니다
특히 연인들의 데이트 코스로  좋으며,
자전거도 탈수 있고 특히 중간 중간 편의 시설이 잘 갖추어져  약4.9km 코스가 추억에 남을 것입니다."
87,박상규,1년 전,5,"날씨도 좋고 유채꽃도 좋고
김해시내에서 경전철타고 대저역에서 내려서
부산도시철도로 갈아타고 강서구청역에서 내려서 이정표 보고 걸으면 사진처럼 보여요"
88,story UN,1년 전,5,"가을철 꼭 가봐야될 곳. 교통편도 좋아가기도 편하고 계절별 전경이 예쁨. 데이트코스, 가족나들이코스로 딱 좋음"
89,배종호,1년 전,4,"시간이 한가할때 꼭  가보면
좋은곳입니다"
90,신의튜브,7달 전,5,나들이하기 너무좋아요
91,kyoungok son,1년 전,5,봄엔 벚꽃과 유채가 가을엔 코스모스와 프리뮬리가 아름다운 도심근교의 멋진 나들이 코스
92,김진룡,1년 전,4,유채꽃밭이 낙동강변따라 화사하게 피었네요  수만평의 유채꽃 단지에 많이 놀러오세요
93,Hyeoung do Kim,1년 전,5,"대규모 유채꽃단지가 있어 봄에 가면 좋습니다.
*대중교통: 도시철도3호선 강서구청역 도보5분.
*부대시설: 주차장(무료), 화장실, 자전거대여소, 오토캠핑장, 농구장, 야구장, 테니스장 등등."
94,ji won choi,1년 전,5,"유채꽃 축제기간이라 사진찍기도넘 좋아요
아이랑 같이 와서 나들이하기에도 좋아요
축제기간이라 주차할곳이 없어서 불편하긴 하지만 한번을 가볼만해요"
95,김씬디,1년 전,5,축제할때 가니 시끌시끌 오랜만에 흥겨운 분위기에 재밌게 끼여놀다 왔습니다. 유채꽃밭도 예쁘고 끝없이 이어진 벚꽃길도 너무 좋았습니다. 행사장쪽은 사람이 많지만 벚꽃길따라 1~2km 천천히 걸어내려가다보면 한산해집니다. 도시락 싸갔었는데 먹거리를 축제임에도 괜찮은 가격에 파는 부스가 많아서 막걸리에 부추전 하나 시켜먹었어요. 현금밖에 못쓰는게 좀 불편하긴 했지만 3일하는 축제동안 잠깐여는 부스니 그럴수 있다 생각 합니다. 간이 화장실도 깔끔하고 잘되어 있어서 좋았어요. 돗자리도 가지고 왔음 잠깐 앉았다 갈법한 공간도 많았는데 두고 온게 아쉬웠습니다.
96,공경만,1년 전,5,가족과 나들이하기에 좋은 장소로 봄에는 유채와 벚꽃이 피어 있습니다.
97,행복남,1년 전,5,넓은 자연공간에서 정성스럽게 가꿔놓은 유채꽃 향기에 취해 눈이 즐겁고 향기가 고운 멋진 힐링의 시간이었습니다.
98,떠나자tv로즈마리,1년 전,5,"4월 꼭  와봐야할곳 

부산 대저 생태공원

유채와
벚꽃30리길이  함께 공존

4월6일부터 유채꽃축제가 열립니다"
99,여경철,1년 전,4,벚꽃이랑 유채꽃을 동시에 볼수 있고 공원이 엄청 넓어서 사람 피해서 꽃 볼수 있는게 좋네요
100,우동주,1년 전,4,"오늘 날씨가 많이 흐렸어 별루였지만
암튼 거닐기 좋은 곳이예요
밤에는 음식이나 커피 파는곳이 없어 좀 그래요
낮에는 여러군데있어 괜찮아요"
101,Y ALIVE,2년 전,2,너저분함.유치함.장사꾼들의 간이 매대랑 식음료 판매차량들이 너무 많음.생태공원이 아니고 먹거리 장터 같음.유채꽃과 벤치.정자 이런 것만 있으면 좋을것 같고 가운데 높이 6미터 정도의 조망대 있으면 더 좋을듯.선진국형의  자연과 조화된 장소로 이미지 바꾸었으면. 이제 굶고 사는 사람 없지않나요? 먹고 마시는 것을  생태공원에서 까지 해야되나요.관할공무원님들. 마인드좀 바꾸세요.
102,SUNG AE LEE,1년 전,5,"유채꽃길, 대나무길, 벚꽃 자전거길 아이들 데리고 다니기 너무 좋아요."
103,JE Choi,1년 전,5,곧 끝나갑니다 저번주에 비해 꽃들이 많이  줄었어요
104,서윤정,1년 전,5,"경치도좋고 중간중간 간이화장실도 잘되어있어서
바람쐬러가기 딱좋아요"
105,지니,1년 전,5,축제기간이 되면 다양한 먹거리도 먹을 수 있고 구경거리도 있고 좋네요
106,Don Quixote,1년 전,4,"넓은 유채밭, 깨끗한 야외화장실, 자전거 대여 등 야외활동에 아주 좋음."
107,김보람,1년 전,5,주차 공간 많고 사람도 적당하고 무엇보다 꽃들이 이쁘네요~
108,조은미,1년 전,4,행사기간 주말에는 주차하기가 너무 어려워서  강서구청 근처에 주차하는게 좋아요^^
109,남형준,1년 전,5,전국 최고의 벚꽃길(30리)과 유채단지... 넘 좋아요!
110,임점수,1년 전,5,봄이면봄대로여름이면여름대로가을이면가을대로겨울이면겨울대로 정말특색있고참좋아요
111,김선주,1년 전,5,강아지데리고 산책갔었는데 넘넘 이쁘고   사진찍기 짱!!!바람이 좀많이불었다는건 안비밀
112,손영실,1년 전,4,유채꽃이 엄청나게 많아요. 먹거리도 다양해요.
113,sung kim,1년 전,5,매년 4월초면 전국 최대 규모의 유채를 볼수 있습니다.
114,루맘,1년 전,5,"무엇보다 인위적인게 하나도 없는 자연 그대로를 느낄 수 있음
앞에는 낙동강 뒤쪽으론 자전거도로가 조성되어 있음
사진찍을 장소도 많음
애들이 있는 가족들이 피크닉하기 좋음
계절별로 느낌이 다 다름"
115,Hyeonmi Kim,1년 전,5,"넓고 넓은 유채꽃밭이 너무 아름답습니다
사진도 너무 이쁘게 나와요~~~"
116,하성종,1년 전,4,연인과의 즐거운시간..
117,Jaeil Choi,1년 전,5,한적하니 좋습니다. 벚꽃과 유채꽃이 예뻐요
118,ᄒᄒ흔한tv,1년 전,5,"벗꽃축제.유채꽃밭  분위기 최고
각종행사로 볼것도 먹을것도 많아요"
119,구리구리동동,1년 전,5,4월초엔 유채꽃 벚꽃 대나무숲을 한번에 즐길수 있어요
120,김지아,1년 전,4,아직 유채꽃과 벚꽃이덜피었지만 산책하기좋아요
121,김재현,1년 전,4,"계절의 변화를  피부로 느낄 수 있는 부산의 명품이 되었으나 , 부산을 특색을 느낄 수  있는 볼 거리는 없고, 너무 음식들이 비싸고, 먹을 것이  부족함"
122,호철이,1년 전,5,"유채꽃축제관람.
대단히 넓은 유채밭이라 보기 좋았습니다."
123,Luv_mei,1년 전,5,밤에 조명을 켜놔서 밤산책 잘했습니다. 단 아직 추워요. 4월4일기준
124,DEV G,2년 전,5,의경들이 교통정리하며 신호등 지켜주어서 안전하고 좋았던 것 같습니다. 그네도 있어 커플들이 사진찍기 좋을것 같습니다. 나비와 꿀벌이 날아다니는게 너무 좋아서 나비 잡으려고 6번 시도해보았는데 못잡았습니다. 만약 저처럼 나비잡을 분들은 포기하세요.
125,김유미,1년 전,4,좋아요. 유채꽃 향기가 좋아요. 데이트 코스 좋아요^^
126,이수인,2달 전,5,좋음 괜찮음
127,문예승,1년 전,5,"예쁘고 걱기좋아요
에어건이 잇으면좋겟던데 못봤어요"
128,이승학,1년 전,5,"3월 달에 축제가 있어서 나들이 나오기 좋아요
낙동강이 근처에 있어서 바람이 많이 불어서 조금 춥긴해요"
129,주사랑,1년 전,4,먹거리부터  많고 유채꽃 벚꽃 대나무거리등 볼거리 많음
130,한석철,1년 전,5,벚꽃과유체꽃이 같이 공유할수있는 멋진곳
131,이민재,1년 전,4,가족 나들이에 좋아요! 특유의 유채꽃 냄새
132,또또지나요,1년 전,5,"벚꽃,유채꽃 너무이쁘고 힐링 할 수 있다."
133,전강식,1년 전,4,부산과 그 인근에 사시는 분들이라면 조용히 머리를 식히기에 좋습니다 이런저런 일들 때문에 답답한 마음에 기분전환겸 일단 차를 끌고 나왔지만 마땅이 갈데가 없을때 차분히 혼자만의 시간을 가지기에 적격 입니다 하지만 화장실을 제외한 편의시설이 없으니 커피정도는 미리 사서 오시길 권장 합니다
134,Jiwon Kim,1년 전,5,사람이 많지만 조용해서 좋음. 가본사람만 알것임
135,김정주,1년 전,3,올해는 비가안와서 그런지 유채꽃이 많이 작아요
136,송송이,7달 전,2,"나쁘진 않지만. 너무 계속 걸어야됨.
허허벌판."
137,황경태,1년 전,5,"유채,벚꽃, 튜립등 많은 꽃을 한번에 볼수있어 너무 좋아요~"
138,송캐롤,1년 전,4,"너무좋죠
행사때는 이벤트도많구 밪꽃도 너무이쁘고
유채꽃도 너무이뻐요~"
139,김명희,4달 전,5,산책하기 좋아요
140,sanghwa jeong,1년 전,5,"낙동강변에 위치한 생태공원입니다
매해 유채꽃축제같은 행사가 있어 볼거리도 있습니다
지아철이나 버스가 잘 연계되어있어 대중교통을 이용하여 방문하기도 좋으며 주차장도 넓어 주차하기도 좋습니다"
141,nhen nhoc,1년 전,5,축제할 때 방문하면 좋아요.
142,우봉오,1년 전,5,대한민국 최고의 생태공원 유채꽃도 최고 ~
143,박준형,1년 전,4,넓게 탁틔여 속시원하고 강변 옆으로 산책이나 자전거를 탈수 있어서 좋은고!
144,김수정,1년 전,5,벚꽃도 아름답고 유채꽃밭이 정말 아름다웠다..
145,박정환,1년 전,5,유채꽃 필때인 4월초에가면 좋습니다
146,구짱,1년 전,5,"사람반 벚꽃반 유채꽃반
유채꽃보며 먹는 도시락 최고!"
147,Jong-geun Ko,1년 전,5,벚꽃과 유채꽃이 화려한 곳입니다.
148,장미숙,5달 전,5,네 넘좋아요
149,Sien Lee,1년 전,4,누구와 언제 가느냐에 따라 평이 다른 곳 ㅎ 8월말에 일본인친구와 갔는데 많이 걷는 걸 좋아하지 않아서 정자에 앉아서 얘기 나누다 왔어요. 제가 오히려 관광객모드였네요. ㅎㅎㅎ
150,김서현,1년 전,4,공기가 너무 맑고 천국이었어요
151,양삼모,1년 전,4,봄바람과 꽃향기가 어우러진 환상의 하루
152,MANICK SON,1년 전,5,유채꽃 만발한 들판에 축제가 있네요
153,김민경,1년 전,4,"축제시 마다 있는 다양한 푸드코트, 깨끗한 이동 화장실 엄지척!!"
154,조봉제,2년 전,4,유채꽃축제 마지막날 다녀왔다. 유채가 다른 곳에 비해 키가 커서 사진 찍기도 좋았고 유채밭 사이로 길을 만들어두어서 구경하기도 좋고 규모가 엄청 크서 아기자기한 멋은 적었지만 바로 옆에 늪지대 산책로가 있어서 두가지를 즐길수 있었다.
155,장은우,11달 전,5,연인 가족들과 상쾌한바람과 탁트인 경치로 산뜻함을 느끼기에 좋은듯 ㅎㅎ 꼭 한번쯤 가볼만한곳!!
156,희섭김,1년 전,4,벛꽃이 아주 이쁘게 피었네요..벛꽃30리 걸어요
157,정길수,1년 전,5,유채꽃이 만발. 한주 전만 왔어도 벚꽃도 같이 보는건데 아까비
158,탁효정,1년 전,4,편안한 분위기와 직원의 친절함이 상품을 구입하는데 좋았어요
159,이이,1년 전,4,"대도시 근교에 광활한 대지, 전철 접근성 최고 "
160,황지영,5달 전,4,유채꽃이 너무 예뻤어요
161,Mr.연호아범,1년 전,4,산책하기 좋아요. 주차 공간도 넉넉합니다. 보행자 길과 자전거 길 구분이 모호(2주차장주변)하여 다칠 위험이 있습니다. 대나무숲길도 있으니 한번 이용해보세요~!
162,윤병용,1년 전,4,낙동강 둔치의 여유로 공간!
163,신현석,1년 전,5,유채꽃 향이 마음을편안하게해줍니다
164,노재형,1년 전,4,"넓은 유채밭, 걷기 좋은 벚꽃길"
165,권경민,2년 전,5,"4월중순이 지나면  노란 유채꽃의 향연이펼쳐집니다.
유채꽃길 사이사이 걸으며 멋진 사잔을 찍을 수 있습니다.
구포대교밑의 노점이 조금 거슬립니다.
중간에 전체를 조망할 수 있는 관람대가 있으면, 위험을 감수하고 구포대교 오르지 않아도 될 듯 합니다."
166,박박원호,1년 전,4,유체꼿 과 벗꼿이 참좋은곳
167,강선영,1년 전,5,"유채꽃..벚꽃 이쁜곳~
가족 연인들 산책하기 좋은곳~"
168,BC A,1년 전,2,유채꽃 말고 다른 것이 없어서 봄에만 2시간 정도 관광할만 하다
169,서민석,1년 전,3,벚꽃 축제라  가봤는데 교통체증 때문에 다시 가보기 싫음. 대나무숲은 좋아요
170,최성만,8달 전,5,유채꽃이 필때는 진짜 장관이었는데..
171,김부민,4달 전,3,조금씩 피기 시작했습니다
172,Ted Yun,1년 전,5,유채꽃이 너무 보기 좋았습니다
173,Taeyeol Roh,1년 전,4,정말 산책하기.좋다. 근데 아래쪽 길은 너무 더워요 햇빛 가리개 필수
174,깔롱최강,7달 전,4,시간 날때 바람쐬러 ㅋ
175,haesoseol해소슬,1년 전,5,넓고 그냥 걷기만 해도 힐링♥
176,rainbow han,1년 전,5,역시 봄엔 대저유채밭이 최고 입니다
177,김사무엘,1년 전,5,봄에 정말 꽃이 예쁘고 좋아요^^~~
178,Hoon Marveious,1년 전,5,먹을 것을 미리 사가면 더 좋음
179,이정일,1년 전,5,봄에 가볍게 걸어올만 하네요
180,최송화,1년 전,5,넓고 저녁엔 시원..산책하기 좋음. 해바라기는 지고 핑크뮬리 곧~
181,김혜숙,1년 전,4,"^^ 산높은곳에있어서 전망도좋고
공기도맑고 깨끗해 아이들과하루놀기
정말좋아요
주차장이 조금부족한것이 아쉬워요
지금 조금식 늘려가는것 같으니까
몇년후엔 큰그림이 나올듯..."
182,김양수,1년 전,5,꽃을 볼수있는 넉넉한 공간
183,최학재,1년 전,5,유채꽃 축제랑 먹거리가 좋았어요
184,구본국,1주 전,5,해바라기짱
185,Gyeongyun Nam,2년 전,5,유채꽃 축제 정말 너무 좋았습니다! 덕분에 이쁜 추억 만들고 가네요! 다음해에도 또 올거예요! 정말 좋아요!
186,김수영,1년 전,3,"자연 생태계를 여과없이 
잘 보존되어 있습니다.
자연과 하나되어 사색에 
빠져 걷기에 아주 좋은 
곳입니다"
187,김영수,1년 전,5,유채꽃밭에 자연과 함께 어울림
188,최연완,1년 전,4,"접근성과풍경은 좋습니다.
그런데 주변에 먹거리가 부족한게
좀 아쉽네요."
189,안혜숙,1년 전,4,유채꽃이 이쁘네요 조금더지나면더 이쁠것같아요
190,허복식,1년 전,5,"주말에 가족나들이 하기에 매우좋은곳입니다
무료주차장이 넉넉하게있고요 공중화장실도있어요 경치가좋고 운동시설도 많이 보이네요 농구장 축구장 등등"
191,Hong Ju Seo,1년 전,4,수십만평에 유채꽃이 피면 꼭!  한번 가봐야할 곳
192,김민제,1년 전,5,가족들과 유채꽃 보러 갔어요. 가을에는 해바라기나 코스모스가 만발한다고하니 이번 가을에 꼭 가보려 합니다.
193,kim gun,1달 전,5,좋음
194,김동준,1달 전,5,굿
195,알바트로스00,1년 전,5,봄에 가족들과 나들이 하기에 좋죠
196,dal yong woo,1년 전,4,낙동강의 넓은 대지거 공원.
197,박기용,1년 전,4,넓고 조경이 잘 정리되있어요
198,스탠다드푸들동동이,1년 전,4,반려견과 즐거운 시간과 운동 그리고 산책까지 만족스럽습니다
199,박봉수,4년 전,5,"대저생태공원은 구포낙동강교부터 공항진입교까지이며, 구포대교하류부부터 천연기념물 제179호(낙동강하구 철새도래지)로 지정되어 있으며, 신덕습지를 비롯한 습지 및 자연초지, 유채꽃단지와 체육시설인 축구장, 야구장등이 조성되어 있는 부산시민이 여가와 휴식을 즐길 수 있는 자연생태 친수공간이다. 
특히 공원에 조성된 유채꽃 단지(370,000㎡)에서 4월 개최되는 유채꽃 축제는 수많은 관광객을 불러 모으고 있어 새로운 관광 명소로…"
200,꿀꿀꿀,1년 전,4,넓고 여유롭게 몸과 시각을 즐기는 장소
201,sayjune C.,1년 전,4,다양한 꽃으로 힐링하기 딱 좋아요
202,dog구다,1년 전,5,푸드코트도 많고 꽃도 예쁘다.
203,Hyunwook Kim,1년 전,5,"구포대교 아래쪽으로 조성된 유채경관단지(370,000㎡)에서 매년 4월 개최되는 유채꽃축제에는 수많은 관광객들이 방문하는 새로운 명소로 자리잡고 있다. 무료 주차공간도 적절히 마련되어 있다"
204,김동국,1년 전,4,"예쁘고 아름다운 추억을 주는
기꺼운 광경...  바람이 몹시도
시샘하여 추웟네요"
205,김승권,1년 전,5,핑크뮬리가 이쁘게 피었네요. 가볍게 산책하기 좋아요.
206,이종일,1년 전,4,캠핑하기좋은곳 도시와도가깝고대중교통용이
207,choa초아,1년 전,4,벚꽃 축제 좋았어요 유채꽃도 이뻐요
208,조쓰TV,1년 전,5,봄에는 최고의 공원 . 벚꽃에  유채꽃에..
209,김동휘,1년 전,4,친구들과 가족들과 연인과 함께 산책하기 딱 좋은 공원입니다. 봄엔 유채축제 등 여러가지 이벤트가 있어 미리 정보를 알고 가시면 더 좋을듯 합니다
210,Hye-Kyung Shin,1년 전,5,벚꽃도 보고 유채꽃도 보고 참 좋았어요
211,이현기,5달 전,4,유채꽃 조금피어오름
212,송점선,1년 전,5,노란물결이 넘멋져요~~
213,윤지성,1년 전,1,바람이 너무 많이 붐
214,김종환,1년 전,2,바람이많이부어추어요
215,사리돈,1년 전,5,유채꽃  정말 이쁘네요. 놀러 오세요.
216,김소연,1년 전,4,꽃구경 한적하니 너무좋았어요
217,나만봐라봐,2년 전,4,"12월 첫째날에 갔음  평일오후5시쯤 가니 사람이하나도 없었음  자전거대여소도있음
동절기는 5시까지운영 하절기는 6시까지임
혼자걷기운동하고  노을지는 모습이 참 아름다웠음
가운데쯤에 연못이있고  오리가 수십마리 삶
갈대가 있고 구석옆에는 대나무숲이 조성됐음
가을에 핑크뮬리있을때 갔으면 더좋았을것임"
218,이설희,1년 전,5,매년가는데 역시너무좋네요!
219,김태억,1년 전,5,2018부산갈매기울트라 마라톤 참석차 갔었는데 생태공원과 운동코스가 잘  조성되어 있었음
220,윤준형,1년 전,5,주차장도 넉넉하고 아주 좋습니다
221,DONGUK KIM,1년 전,4,그냥 한벙씩 가볼만한곳
222,황순희,3년 전,4,"자전거도탈수있습니다..어린이들의천국이죠! 운동도할수있고, 데이트코스도, 짱~ 좋아요
주차공간도있어요.봄엔 유채꽃축제와벗꽃축제도 있답니다.가족들나들이도, 완전짱이랍니다!^^"
223,김현우,1년 전,4,유채꽃이있고 너무 좋음
224,Seok Rae Won,1년 전,4,봄 저녁 산책하기 좋은곳
225,Olive Gray,2년 전,5,"계절마다 아름다운 꽃들이 피는 곳입니다. 연인과 데이트하기 좋은 곳이며 사진찍기에 좋습니다.
봄-유채꽃 
여름-해바라기 
가을-코스모스 . 핑크뮬리 . 대나무"
226,정영수정영수,1년 전,4,유채꽃밭이  너무 너무 넓고  좋아용
227,장수은,1년 전,5,꽃향기가정말좋아서요
228,송경희,2년 전,4,하트속으로 들어 가 보세요 각종박들이  주렁주렁 ᆢ그런데 섬뜩한 이 기분 뭐랄까  지렁이를 잡은것 같은 ᆢ하하  지렁이 박인가봅니다  해바라기가 예쁘게 피고 있어요 아침이 상쾌해 집니다
229,vivi happy,1년 전,4,갈만해요# 철마다 피는꼿도 이쁘고 자전거도 타고 좋아요~
230,hillary kim,1년 전,4,산책하기좋은곳입니다
231,엉덩이삼촌,1년 전,5,봄에 유채꽃. 가을 코스모스가 장관입니다
232,조승희,1년 전,5,가족 나들이에 좋은 곳
233,겜돌이카츠,1년 전,5,가족끼리 연인끼리 운동 등 개꿀띠 개꿀떡
234,박필환,1년 전,5,4월첫째주 유채꽃밭 이쁨
235,조현웅,1년 전,3,넓은 굴다리밑 벌판이랄까
236,김향미,1년 전,5,대저 생태공원 유채꽂축제가 참 볼만합니다.
237,김영수,2년 전,5,"넓은 야외휴식 공간~~~
강아지 산책하기 아주좋은곳
대중교통편리 ㅡ지하철 시내버스
산보 달리기하기좋은곳 입니다.
주차무료 화장실구비"
238,김정숙,1년 전,4,좋아요 이뻐요 유채꽃이^^
239,강국이TV,1년 전,4,아이들과 함께오기 좋아요 하지만 벤치가 없는게 좀 아쉬워요 돗자리는필수네요
240,김경남,1년 전,5,강아지.데리고 산책하기 좋아요
241,나풀대용,10달 전,4,유채꽃 축제는 한번쯤 가볼만...
242,김석진,2년 전,4,"마음의 평안을 얻는곳~ 특별히 무엇이 있지는 않습니다. 다정히 이야기하며 걷기에 좋습니다.
정말 특별한것은 없습니다."
243,강태호,2달 전,5,좋아요
244,김미숙,1년 전,5,매년 유채꽃면적이 넓어지는게 좋아요 아들과 숨바꼭질도 가능한정도입니다
245,조휴선,1년 전,4,유채꽃 좋아...내년을 기약하며
246,JH SNOW,1년 전,4,유채꽃 / 해바라기 등 사진 담기 좋네요. 참고로 봄 유채꽃 축제땐 꽃밭에 출입이 안됩니다 참고하시고 꽃 보호 해줍시다
247,강영순,1년 전,4,발육상태가 조금 아쉽지만 넓고 시원! 가슴 뻥!
248,김권철,6달 전,5,굿입니다
249,당근당근,1년 전,4,사진 찍기 참 좋다~
250,Younghwa Kim,1년 전,5,부산 대저생태공원 핑크뮬리  보러 갔습니다. 추차하기도 여유 있고 핑크뮬리를 이전보다 더 많이 심어서 사람들이 사진 찍으러 많이 방문합니다
251,우유좋아,1년 전,5,핑크뮬리 생각보다작아도 사진 멋져요
252,서현웅,1년 전,5,유채꽃이 너무 이쁨
253,박똘추,1년 전,5,날씨만 따라준다면 휴식하기좋은장소
254,박경택,1년 전,4,유채꽃밭이  넓어서 좋아요
255,강덕선,1년 전,3,"볼거리가 조금 부족해여 
여기봐도 유채 
저기봐도 유채  
중간 중간 다른  볼거리 있음 금상첨화가 될듯요 
유채 꽃밭은 시원하게 쭈~~~욱 잘 되어 있습니다"
256,김경필,1년 전,4,좋음 사람 너무 많은거 빼곤
257,조광준,1년 전,4,낮은꽃밤은불빛굿
258,Gable Clark,1년 전,4,나름 거리면에서 좋은 장소
259,이태곤,1년 전,5,벛꽃이랑 유채꽃 좋아요
260,김영제,2년 전,3,차량이 너~무 많아서 행사장 안으로 들어 가기가 정말  힘 들더군요 유채 꽃의 생명이 짧아서 겠지요 안에 가니까  꽃의 향기에  취하드군요 좋았어요 가 볼만 한 장소라고 봅니다
261,조일권,1년 전,4,벚꽃도 유채도 꽃망울을 터트리기 시작...강쥐와 산책하면 힐링이 절로 됩니당~~
262,배미영,1년 전,5,"4월 첫주ᆢ벚꽃이만발  중순부터 유채꽃만발
                꼭 강추! 간단 간식 챙겨 가세요"
263,Mickey Cho,1년 전,4,핑크뮬리 좋아요~ 근데 규모가 넘 작아요~
264,한준수,1년 전,4,자전거 타면서 돌아다니면 아주 좋습니다
265,신유라,7달 전,5,그냥 이쁨
266,김윈정,1년 전,5,밤에 오니 더 좋네요
267,조성임,1년 전,5,유채꽃밭이 굉장히 넓고 멋집니다!!
268,김화랑,1년 전,4,"봄에 벚꽃 토마토 유채꽃 연달아서 봄의 시작을알리고
근처사는 사람은 모르겠는데 놀려오는 사람은 꼭 봄에 오세요 다른 계절은 좀 그래"
269,박주현,1년 전,5,유채꽃 넘 이뻐요~~
270,류영수,1년 전,5,유채꽃 제대로 피었음
271,현서윤서,1년 전,5,유채꽃 피는 4월  좋은추억 간직할것입니다
272,최영진,1년 전,5,자전거 대여해서 애들 데리고 놀기좋아요
273,감발리,1년 전,4,핑크뮬리 이쁘네요 주차공간 넉넉하고
274,Bum Sin Lee,2년 전,3,"넒은 공간에 철마다  유채꽃, 코스모스  등과 곳곳에 야생화가  있고 주차장 시설도 잘 정비되어 있습니다. 그런데 자료에는 가시연꽃의 자생군락지가 있다는데  습지에 접근하기가 어렵고 근처에 안내판이 없어  매우 불편합니다."
275,서수현,1년 전,4,바람이 많이 불어요
276,조영기,1년 전,4,유채꽃 벚꽃 대나무숲 갈대밭 등의 포토스팟이 무료임
277,이상화,1년 전,5,낙동강 벚꽃30리 길과 더불어 수만평의 유채꽃밭길이 황홀해
278,고양이,1년 전,5,차에서 나오자 마자 꽃향기가 온 사방에 퍼져있음
279,깡통_병아리canCHICKG,1년 전,5,넓고 관리가잘되는듯 축제 기간외에는 어떨지궁금
280,우기문,1년 전,5,가족들이 즐거운 시간을 보냈습니다~
281,M K,1년 전,4,봄이면 볼수 있는 풍경이죠
282,A반손해은,1년 전,4,봄엔 유채꽃 여름엔 해바라기 가을엔 코스모스를 볼수 있는곳
283,기문우,1년 전,5,가족이 즐거운 시간을 보냈습니다~
284,강시훈,5달 전,5,이쁜곳
285,에쿠에쿠,2년 전,4,너무 좋아요  예전에는 제주도에서나 볼수 있었는데 유채꽃향기가 벌꿀에서 나는 향기가 있어요  벚꿏과 다르게  꽃도 오래가네요 지금도 한창 피어있어요
286,유주함,1년 전,4,유채꽃이 엄청 많았다는 기억 외에는.....
287,외준김,1년 전,5,"유채꽃이 참 많이 피어 있어 요
가는날이 장날이라 비가와서
얼마구경 못 하고 점심먹으러 
갑니다"
288,안성진,1년 전,5,가족나들이  정말좋아요
289,허만경,1년 전,5,전국최고의 유채밭
290,정진구,1년 전,4,"축제기간에는 사람들이너무많다.
피해서 나들이오쟈"
291,임소영팝소프라노_,2년 전,5,낙동강 유채꽃 축제 너무 좋았어요 :) 산책하기 짱! 오늘이 마지막 날이네요 :)
292,junghyun HA,1년 전,4,"노란유채밭이인상적이고 먹을거리도괜찮다
입구에서 기다림은고통ㅋㅋ"
293,조크리스탈,2년 전,5,요즘 애견 산책시키기 눈치 많이 보이는데 대저에서는 자유롭게 시킬수 있어서 너무좋구요. 무엇보다 넓은 잔디가 진짜 죽입니다. 김해장유에서 일주일에 다섯번이상 산책시키러 갈정도면 뭐.. ㅎㅎ 애견 산책 장소로는 더이상 말이 필요없죠. 아이들 데리고 운동하기에도 좋지만 애견을 무서워하는 아이라면 추천은 못해드리겠네요. 밤에는 고라니가 막 뛰어다녀요ㅎㅎㅎ
294,게이득,1년 전,5,이쁨 쓰레기좀 버리지 마세요 ^
295,대충지음,1년 전,5,유채꽃이 끝없이 펼쳐져있다
296,옥정환,2년 전,5,"유채꽃을 감상할수있는 생태공원이죠
이동식화장실두 부산시에선 제일 깨끗한거같구요 주차장두 넓구 자전거랑 캠핑두할수있는 가족데이트장소로 굿입니다"
297,김현,1년 전,5,축제때 가면 좋아요
298,노진,1년 전,5,유채꽃이 이뻐요
299,뿡멍꼼소나,1년 전,5,대자연이다 호주같다
300,정인회,1년 전,4,벗꽃 행사  어린이들 참여 행사가 더 많았으면 해요~
301,ByungYeon Choi,1년 전,4,유채축제행사가 조명에 아를다운곳 입니다
302,김지호,1년 전,4,운동하기 좋은장소입니다.
303,Kettle Tea,1년 전,5,8월18일 오후3시 좋네요^^
304,Leonar'do da Vin'ci,1년 전,5,제주도 보다 좋다..
305,gurumi ggul,1년 전,4,자전거 라이딩과 가족 나들이에 좋아요
306,흔들리며 피는 꽃,1년 전,4,지나다가 핑크뮬리있어서 후다닥 인증샷ㅋㅋ
307,정상진,2년 전,5,미세먼지 없는날엔 여러축제도하고 좋다
308,최진희,2년 전,5,오늘 갔다  왔어요  넓은  대저유채꽃짙은향에 마음껏  취하고  힐링하고 왔어요  좋아요  행복해요 ㆍ
309,전실근,1년 전,1,축제장(벚꽃축제 )에 야외 화장실이 더 설지요망
310,뭉게뭉게,2년 전,4,"차가 밀리긴했지만
주차공간이 넉넉해서 주차는 수월하게했음"
311,정현,2년 전,4,"그늘이 많지 않은게 아쉽지만
좋아요
특히 대나무 숪길"
312,배은호,1년 전,5,부산에 이만한 공원이 있을까요?나들이하기에 좋습니다!
313,조원섭,1년 전,3,꽤 넓어요. 분위기 좋고 이쁜듯.
314,최강순,1년 전,4,유채꽃이만개하여황금벌판이에요^^
315,Young's Kim,1년 전,5,유채꽃이 아주 잎
316,Ignatius Park,2년 전,4,낙동강변에 조성한 생태공원. 아직 쉼터가 부족하지만 몇 년 지나면 괜찮은 곳이 될 듯핮니다.
317,샤프TV,2년 전,5,"가족들이랑 같이 왔는데 꽃구경하기 정말 좋네요.
강추~~"
318,엄재욱,1년 전,4,걷기  참 좋은 장소
319,이띠용,1년 전,5,낙동강 벚꽃축제 이쁘다
320,애플샘3분채널,1년 전,5,10월엔 핑크뮬리  4월엔 유채    좋아요
321,jin-ku Song,2년 전,5,"부산에서 유일한 상태공원
가을에 낙조와 갈대으 조화 아주 멋진곳
부산 오시면 꼭 하
한번 방문 하세요"
322,김혜순,1년 전,4,거의 유채꽃이 지려고 할때 가서인지 조금은 아쉬웠어요 내년에는 일찍 찾아보고싶네요
323,송수건,2년 전,3,"유채꽃이 만발하여,데이트장소에 아주좋아요"
324,Jeonghun Bae,1년 전,4,"참 좋은데... 푸드트럭들이 가운데 떡하니 버티고 있고, 그거먹고 아무데나 버린사람들도 있고..."
325,이승현,2년 전,5,유채꽃 만개시에 구경하기 좋은장소
326,마누라맘대로 올려요,1년 전,5,벗꽃이 넘  좋아요
327,김동재,1년 전,5,벚꽃과 유채꽃의조합
328,이병윤,1년 전,4,광활하게 펼쳐진 유채~♡
329,윤삼성,1년 전,3,"습지대및 유채꽃축제장관
강변도로 벛꽃길
대숲길 좋음
주변 인프라 미흡"
330,김해영,2년 전,5,엄청 엄청 넓은 유채밭에 숨이 파악 틔임
331,김상훈,1년 전,3,"나물용 유채가아닌 관상용이라서 인지
키가작고 향이 좀 덜나는거 같아요."
332,박미애,2년 전,4,유채꽃축제하는데 노랑이천국이네요..날씨도 좋고 살신 바람불어서 더 좋아요..
333,soonheeshin,1년 전,2,보기는 좋았는데 힐체어 타고 다니기에는 바닥 길이 좋지 않아서 구경을  할 수가 없었어요
334,Kim산내,1년 전,5,"벚꽃터널과 끝없이 펼쳐지는 유채꽃...
시간 가는 줄 몰라요~!!"
335,Lee JaeSung,2년 전,2,터만 넓고 휴식이나 놀기에는 부족하지만 벗꽃길은 최고
336,강영성,2년 전,5,유채꽃과 낙동강 하구길이 걷기에 아주좋았어요 ^^
337,임상주,2년 전,3,유채꽃이 볼만 함.. 그 외에는 그냥 넓은 밭같은 느낌..
338,백운국,2년 전,4,대저생태공원에서 죽이어진 낙동강30리 벚꽃길을 좋아합니다. 그늘에서 운동하기 딱입니다.
339,최윤성,1년 전,4,자장거 타도 좋음
340,김모양,1년 전,5,겁나조아요 벚꽃 유채꽃
341,김명희,2년 전,5,공기좋고 사원하고 대나무숲도 좋아요
342,최민수,1년 전,4,핑크뮬리 와이프가 굉장히 좋아함ㅋㅋㅋ
343,장미애,2년 전,5,"걷기 좋은 길
봄에 꼭 걷고 싶은 길입니다"
344,이정's,2년 전,3,유채가 많이 심겨져 봄나들이에 안성맞춤
345,Sangyun Bae,1년 전,5,아이들과 자전거 타기 좋아요
346,조영아,1년 전,3,"먹거리가 ㅡㅡ 별로 비싸기도 비싸고 ㅜㅜ
주차대란에 벗꽃은 이뻐요 ㅎㅎ"
347,황혜주,2년 전,4,먹거리 볼거리를 충족하고 가족과 함께 즐길수 있네요
348,김연희,2년 전,1,갈때마다 나무의생동감이나를감동
349,Peter YOU,1년 전,4,Pink 뮬리를 보러갔는데. 아직은 크기낯규모많이 부족함!
350,최용정,1년 전,5,도심에서 힐링하기좋은곳
351,JAEBUM CHO,1년 전,4,지금 유채꽃 축제 시작입니다. 4.6-4.16까지 근데 차가 너무밀리네
352,박현욱,2년 전,5,유채꽂도많이피고구경도하고좋아슴
353,김대원,2년 전,5,최고의 장소입니다 유채꽃 또 전국에 최고입니다
354,이동근,2년 전,3,유채꽃이 많아요 커플들 사진찍으러 많이오네요...난혼자 여행중인데...
355,이석근,1년 전,1,유채꽃만 있음
356,이채영,1년 전,4,유채꽃 행사지만 음식이 너무 비싸요.
357,hyejin ruy,1년 전,5,벚꽃 및 유채 축제기간 주차할곳 없습니다 주차하고오시기바랍니다
358,Samuel Yoo,2년 전,4,4월 초에 방문하면 강추
359,Jong-dal Park,2년 전,5,주차장이 넓고 시원하고 경치도 좋아요
360,전지훈,1년 전,3,근처에 아무 것도 없는 것만 빼면
361,한보람,2년 전,3,봄에 제일 예쁜곳
362,Hyun Heo,1년 전,5,벚꽃 구경하기에는 부산서 이만한 공원이 없을 것 같네요.
363,youngsu CHOI,1년 전,5,시원하고 탁트인 공원
364,노정훈,1년 전,4,유채꽃   멋집니다
365,광어잡고잡다,1년 전,5,축제 일주일전인데도 유채꽃이 활짝
366,이종환,1년 전,3,유채꽃이만발 향기에 취해  떠날수 없었네요.
367,유영민,2년 전,4,유채꽃 가보시면 환상적입니다
368,김슬옹,1년 전,5,축제때 가봤습니다 주차 자리 많고 좋은데 근처 음식들이 역시 비싸군요 ㄷㄷ
369,Don GGO,2년 전,3,물량으로 승부하는 유채꽃축제. 더 꾸몄으면 좋겠다. 꼬지는 맛있음
370,Valar Dohaeris,1년 전,4,욕심내지말고 2시간 정도만 둘러보세요.
371,서병관 우주의 주인,1년 전,5,"교통이 좀 불편하지만 유체꽃, 벗꽃 정말 이쁘고 좋아요!!!"
372,강가,1년 전,5,사진 찍기 좋음~
373,김수진,1년 전,4,갓을때가 유채꽃 축제 전날이었는데 꽃 너무 예쁘고 사진찍을곳도 많고 재밌었습니다ㅎㅎ이맘때 또 가려구요!
374,이두영,2년 전,5,"주차시설 충분하며, 워킹 최적지임"
375,윤정빈,1년 전,4,이색적이지만 매년 가야지 하는 곳은 아닌  듯..
376,MyungIl Woo,1년 전,5,바람 쐬기 좋은 곳.
377,조정배,1년 전,2,사람 너무 많음
378,태타,1년 전,5,예쁜 유채꽃!
379,죠아,1년 전,5,여기서 남자친구가 생겼습니다 여러분 달리세요!~!
380,정진의,1년 전,5,유채꽃축제라사람이바글바글하네
381,Lukas Shim,2년 전,3,낙동강 강바람을 쐬기 좋은 곳
382,권오성,2년 전,5,봄 가을에오면 산책하기좋은곳
383,김철우,2년 전,4,데이트코스로 좋음 벗꽃길이 길게
384,김정숙,2년 전,4,"유채꽃 축제 시작으로 사람이 좀 많아요
꽃정말 예뻐요~"
385,Kor_TheSUN_,2년 전,5,유채꽃이 아주 아름다운곳
386,석연옥,1년 전,4,작년보다 유채꽃이 낮아서 아쉬웠어요
387,이봉희,1년 전,5,유체꽃이 너무아름다워어요
388,Woo Sang Hyuk,2년 전,3,주차장을 여러곳이라 잘 선택해야 함. 아니면 사진 명소까지 꽤 걸어가야 함
389,조선희,2년 전,5,자연과 내가 하나 된 느낌!
390,ji won Jeong,1년 전,5,유채꽃이 너무 이뻣어요~
391,ssoeny H,1년 전,4,가족 나들이 하기 적당 합니다
392,이장춘,1년 전,2,올해는 코스모스가 주차장 근처에만 있습니다. 핑크뮬리는 다 지고..
393,BYEONGDO YOON,9달 전,5,유채꽃 축제
394,김영석,1년 전,4,넓은디 개가 넘많은듯
395,산이있는 ᆞ곳에 내가 있었으면날다람쥐,1년 전,3,유채가 ㆍ아직 ㆍ만개가 ㆍ안됐음
396,Blue Green,2년 전,5,대중시민들이 가족들과 휴식을 취하기엔 좋은 쉼터
397,이재혁,1년 전,3,땡볕입니다. 그래도좋아요
398,앤드리아,2년 전,4,노오란~~~유채꽃마니마니  봤네요^^
399,이정훈,1년 전,4,유채꽃은 이쁘나 주변관리가 부실해서 냄세가 나고 지저분함.
400,도깨비,1년 전,4,축제 기간이라 사람이 엄청남
401,TH Chi,1년 전,3,유채꽂 배경으로 사진찍기
402,DK Y,2년 전,4,유채꽃시즌이 최고
403,Jinwoo Heo,2년 전,5,데이트 코스~~봄꽃 풍경 좋습니다^^
404,천천만수,1년 전,4,도심속의 적산가옥
405,강호경,2년 전,5,유채꽃과 방문객이 많아요
406,안선란,1년 전,5,가슴이 탁 트여요
407,김설아,2년 전,5,완전활짝핀유채꽃짱입니다
408,I am,7달 전,5,부산의 센트럴파크?
409,신대현,1년 전,4,낙동강변이라서좋다
410,지니리치,1년 전,4,겨울철 도심을 벗어나 한적한 휴식과 산책이 가능함
411,하유,1년 전,5,쉴만한 휴식장소만 있으면 좋겠습니다
412,김영길,1년 전,3,분홍갈대가 이쁘네요
413,김태훈,2년 전,5,운동하기 좋고 공기도 좋아요
414,김수정,1년 전,3,신선하고쾌적
415,김수환,1년 전,3,꼭 가보세요^*^
416,장채은,7달 전,4,핑크뮬리꽃밭🌺
417,Hyun-Chul KIM,4년 전,5,"유채꽃이 이쁩니다. 단 강서구청역에서 내리면 꽤 걸어야 하더군요.
버스타고 들어가는 것도 나쁘진 않지만, 더럽게 막힙니다(....)
설마 저 지뢰밭을 차끌고 가신다는건 아니겠죠? (엄격 진지 근엄)"
418,박현진,3년 전,5,"유채꽃 축제시기엔 꼭 가봐야 할 멋진곳
제주도보다 더 아름다움"
419,조이진,1년 전,5,"태어나 처음보는 절경 이었죠. . .
분홍색이 정말 예쁘더라구요.
내년에도. . .^^"
420,고추호박고구마 농장,2년 전,5,마라톤 연습하기  좋은곳
421,Makada,3년 전,4,"넓은 강변을 공원으로 잘꾸며 놓았지만
축제를 위한 주차시설 및 교통시설은 조금 보완해야할 
필요가 있네요."
422,Song Hee Lee,1년 전,4,가족과 봄꽃을 본다~
423,SEIHOON LEE,2년 전,5,넓고 평안한 분위기를 제공합니다. 반려견과 함께라면 금상첨화!
424,KT K,3년 전,5,"토마토축제, 유채꽃축제, 구포나루축제등 다양한 축제가 열리는 아름다운 공원 "
425,황성갑,1년 전,4,산책하기좋은곳
426,Byeongseok Kim,1년 전,5,낙동강 철새와 유유히 흐르는 강물을 보는것 만으로 힐링입니다
427,김정유,1년 전,3,낙동강을 호젓하게 즐길수있음
428,sujinabba,1년 전,5,핑크뮬리 너무 이쁘네요
429,김상철,3년 전,5,자전거라이딩과 도보여행을 함께할수있는 곳
430,강성원,2년 전,4,가족과산책하기 좋아요
431,JJu KKAnG,1년 전,3,넓음 쾌적함 벌레많음
432,Eunjung Park,2년 전,2,반려견ok대중교통은경전철뿐.주차공간ok
433,장호건,2년 전,5,한가한 주말 오전같은 느낌.
434,박병준,2년 전,5,유채꽃의 숨은 성지
435,정상곤,1달 전,5,꿈!
436,오동민,2년 전,5,"꼭 한번은 가봐야할 유채꽃 축제, 관광객이 많다"
437,younho cho,2년 전,4,도심속의 노란물결이 이쁘네요 
438,김주원,1년 전,1,최악에 스트리트 파이트장
439,이상관,2년 전,5,"우리나라 최대의 유채꽃밭이 있습니다
감탄사가 절로 나옵니다"
440,박영복,2년 전,5,유채꽃이넘좋아서요
441,Dowon Kim,2년 전,5,계절별로 꽃이 좋은 곳
442,박진우,2년 전,4,도심 근처에 있어 좋음
443,김명재,3년 전,5,유채꽃 필때 풍경이 아주 좋음
444,조용진,2년 전,3,유채꽃 아직 들피어 한가로이 산책하기에 정말 좋았어요
445,박준혁,1년 전,5,기차 타세요  잼나요
446,일지스님,1년 전,4,유채꽃축제 다녀왔어요~~
447,최병호,2년 전,3,산책코스로아주좋다
448,31st cooper,2년 전,5,와이프랑 아들이랑 장모님이랑 유채꽃밭에서 꽃놀이♡
449,오무영,1년 전,5,"유채꽃이 활짝 피었네요
노란색 물감을 칠한듯 너무 황홀하네요"
450,jung hwan Kim,2년 전,5,잠깐에 휴식과 사진을 할수있는곳
451,김중훈,2년 전,4,나들이가기 좋은 장소
452,너거서장남천동살제,1년 전,5,남자끼리 ㅋㅋ
453,박맹주,1년 전,5,아직까지는 허허벌판 ~
454,정영민,2년 전,4,편하게 잘 다녀 왔어요
455,ye chan choi,2년 전,5,꽃이 아름다웠고 모든 곳이 포토존이었습니다.
456,김경희,2년 전,5,"넓은장소에서
유채꽃향이 진동하는곳
먹거리도 다양하고
주차장도 비교적 확보가 원만함"
457,HyeonGi Kim,2년 전,5,최고의 유채꽃 축제 !
458,Eric Kim,3년 전,5,계절마다 꽃이 바뀌는 멋진곳
459,손계숙,1년 전,3,오늘 다녀 왓는데 기대와는 다른더군요
460,허경영,1년 전,4,운전연습하기에 딱임
461,정민규,1년 전,2,겨울이라 아무꺼도 없음
462,:D Ro,1년 전,5,물티슈 필수
463,전명규,1년 전,3,"유채꽃, 벚꽃이 피는 봄에는 가볼만해요 ^^"
464,YUYOUNG LEE,2년 전,3,유채가 끝내줘요
465,남김용상Menkimyongsang,1년 전,5,아주 좋습니다
466,Wondering Road mYTube,1년 전,5,낙동강 유채꽃 축제
467,강기백,1년 전,3,가을에 가봐야 뭐없음
468,양철호,1년 전,5,절대 덕두역에서 내려서 걸어가지마세요 강서구청으로 가세요
469,박수용,2년 전,5,유체꽃이 활짝
470,jh b,1년 전,5,대저생태공원산책조와요
471,이그그,2년 전,5,넓고 주차장도넓음
472,장인수,1년 전,5,꽃이 빨리 져요
473,이장춘,1년 전,1,올해는 코스모스도 주차장 근처 외에는 안심었네요.
474,Jongwon Yoon,2년 전,5,애들과 연인들과 놀기좋음
475,jeongmin bang,1년 전,3,요즘 유행 핑크물러를 보고 왔어요.
476,윤예리,1년 전,3,가족들과 핑크뮬리~구경하믄서 컷!
477,김현중,1년 전,2,애견카페  같은 공원이  조성되어 버렸네 요 ㅡ !
478,임은희,2년 전,4,"핑크뮬리때문에 갔습니다.
핑크뮬리는 보기위해서는 P5주차구역에 주차하면 됩니다~!
앉을 휴식공간이 조금 더 있었으면 좋겠습니다."
479,길상당구클럽김호연,10달 전,3,좋아요
480,이재익,1년 전,5,짱이다
481,하태율,2년 전,4,"가까운데 이런곳이 있어서 참좋아요
비온뒤라 물안빠지는데가 좀있어서."
482,Enterprise You,2년 전,4,"대저생태공원 유채축제
꽃반 사람반♡^~^♡"
483,이영래,1년 전,5,환상적임
484,마해,1년 전,4,유채 및  벗꽃  봉
485,김현빈,1년 전,5,유채꽃 천국이구나
486,최영란,2년 전,5,봄꽃놀이  넘 멋져요*
487,Seo Hwan Kyu,4년 전,5,"4월 초 대저 유채꽃 축제  추천합니다. 
다만 주변 주차공간이 협소하여 지하철(강서구청역) 추천합니다."
488,권수은,1년 전,4,유채꽃 이쁩니당
489,Math Clinic,1년 전,5,유채꽃이 아름다워요
490,문상기,1년 전,4,브싼의명소!
491,유광식,1년 전,5,산책하기 좋음
492,변우성,1년 전,4,주차하기좋음
493,solafide l,1년 전,5,멋진유채유채
494,Jang Sick Hong,2년 전,4,도심을 벗어나 낙동강변에 위치하는 자연이 살아 숨쉬는 곳
495,김지선,2년 전,4,끝도 없는 유채꽃밭 축제때 와볼만함 ~~부산엔 바다말고도 볼것이 많네
496,Steve Baik,2년 전,5,봄이면 벚꽃터널 토마토축제 유채꽃 축제가 열려 아름다은 강변의 경치를 이룹니다
497,서원진,1년 전,5,일몰좋아
498,우인옥,2년 전,4,벗꽃30리길  축제 강바람이쌩쌩 벗꽃비에 웃음이 절로ㅎㅎㅎㅎ
499,랄라라,2년 전,4,유채꽃사진 예뻐여 작열하는태양은견뎌야함
500,강정석,2년 전,4,부산에서의 특별한곳
501,신영철,2년 전,4,4월 중순이면 유채꽃으로 장관을 이룹니다.
502,Daegwood Kwon,3년 전,5,"유채꽃 축제가 열리는 곳 , 봄이오는 소리를 들을 수 있는곳."
503,류정수,2년 전,5,자전거 타기 최고!
504,강분옥,2년 전,5,봄에는 유채꽃 10리나벗꽃구경 겨울은 대나무사이로걷기 낙동강보기.
505,Minjeong Park,2년 전,3,나들이하기좋아요
506,배미영,1년 전,4,"3월~4월 벚꽃
5월~6월 유채꽃
7월~8월 연꽃
9월~10월 해바라기 코스모스 핑크몰리"
507,유근호,1년 전,4,황사 때문에 이 그
508,윤창기,2년 전,4,여유있고 시원함
509,UNHAK LEE,2년 전,4,편안한 휴식공간
510,사랑스런,4년 전,5,"쫘~악 펼쳐진 유채꽃 다른데보다도 엄청 많아서 놀랄정도였어요.
이렇게 많은 유채꽃은 처음보았습니다 ㅎㅎㅎㅎ
매년마다 생각날꺼같은 곳!"
511,황정애,1년 전,4,유 채꽃 만발함....
512,박호규,1년 전,5,유채꽃축제.
513,박성희,1년 전,4,아주조아요
514,j비만여우,2년 전,5,부산에서 유채꽃을 이렇게 볼수 잇는 곳은 여기뿐인듯^^
515,강동윤,2년 전,5,유채꽃 이뻐요
516,브맛,3년 전,5,"자전거 유료됬습니다
주의하세욘"
517,최승욱,2년 전,5,산책하기 좋아요
518,여유로운 삶,1년 전,3,유채꽃 군락!! 멋져요!!
519,김윤호,1년 전,5,좋음
520,박리후,1년 전,5,자전거를 탔어요
521,박정수,1년 전,5,걷기좋아요
522,박지용,1년 전,4,"가고싶은곳,코스모스길을걷고싶었는데
무엇이그리도바빠는지 못가고말았군요
꼭지금이아니라도가볼곳이라는것을
다짐하면서 ㅋㅋ"
523,우바이킹,1년 전,5,아바지와 의추억
524,이영록,2년 전,4,유채꽃축제 굿!!
525,승원조,1년 전,4,좋아요
526,이상현,1년 전,5,좋음
527,김유겸,1년 전,1,대저생태공원벗꽃축제
528,송창규,2년 전,5,계절마다 다른 모습을 보이네요..
529,김영신,1년 전,2,볼거 없음
530,이충욱,2년 전,5,4월 초엔 유채 축제
531,김대용,1년 전,5,굿 !
532,吳茹,1년 전,4,유채꽃 및 벛꽃
533,황의용,1년 전,5,좋아요
534,박진우,2년 전,1,축제 기간에는 사람이 많아도 너무많내요ㅠㅠ
535,JeongHwan Seong,2년 전,2,부원동 현대직업학원가고오면서
536,Seongho Lee,1년 전,5,대저 유채꽃 짱임
537,도깨비왕그림이야기,2년 전,5,넓고 시원해요
538,김동우,1년 전,4,유체꽃이 만발해 있네요.
539,배홍대,1년 전,5,대나무밭
540,myoungjin Kim,2년 전,4,유채꽃 축제 기간이네여
541,정영민,2년 전,4,좋은 곳입니다
542,정훈,2년 전,5,너무 예뻐요
543,이성엽,2년 전,4,유채축제가 열리는곳
544,최정희,1년 전,3,유채꽃행사
545,김동욱,1년 전,5,멋져요
546,정봉갑,1년 전,3,아주좋아요
547,김성군,1년 전,5,아주좋아요
548,이창수,2년 전,4,철따라 조성되는 꽃밭들이 볼만 합니다 특히 봄 유채는 장관 입니다
549,장길태,1년 전,5,유채꽂이만개
550,J. G,1년 전,5,유채꽃축제
551,최민성,6달 전,3,ㅎㅎㅎ
552,황성환,1년 전,5,꽃구경 good
553,최준,1년 전,4,좋아요.
554,하성종,1년 전,4,유체축제
555,moseok yeo,2년 전,4,아이들과 좋아요
556,김재찬,2년 전,4,아직 유채끛이 덜피였다
557,김무경,1년 전,3,그냥
558,진우제,1년 전,3,보통
559,김나라,1년 전,5,좋더라
560,hoon,1년 전,5,이쁘네
561,강진호,1년 전,4,멎저
562,구정연,1년 전,4,괞찮았어요
563,심준영,1년 전,4,내셔널대저그라피
564,태싹이,1년 전,5,좋다
565,김개똘,1년 전,3,그냥공원
566,트리사랑,1년 전,4,좋아요~~~!!
567,조성호,1년 전,5,굳이에요
568,박선미,1년 전,3,보통
569,lee Lucky,1년 전,5,장괸 입니다.
570,박광복,1년 전,3,보통
571,mining,1년 전,2,그닥
572,이귀남,1년 전,5,짱이죠
573,he llo,1년 전,2,기대이하
574,한대환,1년 전,5,존예
575,Sunny Nam,1년 전,4,핑크뮬리
576,안뿡빵,1년 전,5,굿!
577,Changyeong Park,1년 전,4,좋아요
578,Seong-Eon Park,1년 전,4,좋아요
579,한상현,1년 전,5,유채꽃 보고
580,박영대,1년 전,2,색상 보정
581,Kari Moon,1년 전,3,유채꽃밭
582,노초롱,1년 전,5,해바라기구경
583,Want to or have to life I am want to life,2년 전,5,좋아요
584,예벤버그,2년 전,3,쏘쏘
585,박석원,1년 전,5,좋더라..
586,김희주,2년 전,3,괜찬음
587,부폴리,1년 전,5,핑크뮬리가 인상적이네요~!!
588,문성경,1년 전,3,핑크뮬리~
589,Erick Kim,2년 전,3,유채꽃
590,박재영,2년 전,5,유채꽃이 이뻐용
591,백순복,2년 전,5,좋아요
592,한연실,2년 전,5,대저생태공원
593,심심도사,2년 전,4,ㅇㅇ
594,박정주,2년 전,3,넘좋아요
595,dong heo,2년 전,5,유채
596,고징,2년 전,5,아주 좋아요
597,DAVID_Ishtal_Minsu Cheon,2년 전,5,유채꽃 가장 넓어!!
598,승은,2년 전,5,꽃구경
599,Valentine Sung,2년 전,4,봄엔 대저 좋습니다
600,박영희,2년 전,5,낙동강
601,김덕기,2년 전,5,유채꽃 축제.
602,정한빛,2년 전,3,좋아요
603,남명희,2년 전,5,좋아요
604,정재화,2년 전,3,"유채꽃밭이 엄청크게 조성되어  있어 장관입니다
진입도로  복잡해서 약2km 전방에서 주차장까지 40분정도 소요되었습니다"
605,Djjffdhdhhf Dbdhhdbd,2년 전,4,"오늘 일요일이라서 오후에 드렷는데 차와 사람들이 뒤 엉켜서 조금은 애먹었답니다
그런데도 웃으면서 사진 들 찍어면서  조금놀다 왔지요💃💃💃"
606,복수는 나의 것,2년 전,5,좋아여
607,봉봉,1년 전,5,조아욧
608,홍우근,2년 전,3,유채꽃 바다
609,이규환,2년 전,5,유채 군락지
610,김종택,2년 전,3,유채꽃 대단지 단조롭고 주차복잡
611,권인석,2년 전,5,유채꽂이 이쁩니다
612,민치우,2년 전,1,바람많이붐ㅡㅡ
613,wook sung,1년 전,5,좋아요
614,김동규,1년 전,5,좋음!!!!
615,이준석,2년 전,4,산책 굿
616,hanyong bae,2년 전,3,맘이 편해지는공간
617,:데이원,2년 전,5,넓고 좋아요
618,Pung Bak,2년 전,5,"꽃구경하고 자전거도 타고 산책도 하고 푸드트럭에 먹을 것도 먹고 눈 , 코 , 입 , 다 호강하다 갑니다 ㅎㅎ"
619,Coner John,2년 전,3,"대저 캠핑장
바람에 대비를 해야하고, 바닥이 보도블럭으로 되어있에 긴팩 준비하세요
사이트는 넓어서 조으나 여러가지 단점이 많네요
캐러반에 최적화된 캠장"
620,Yu jin woo,2년 전,5,"벗꽃,유체꽃축제 보러오세요^^"
621,tram la,2년 전,2,그저 그런곳
622,정태식,2년 전,4,좋아요
623,뿡뿡예은,2년 전,4,좋음 ㅋㅋ
624,최태경,2년 전,3,주차장 난 때문에
625,김호진,2년 전,5,넘 이뻐요
626,진미영,1년 전,5,유채~~
627,김동국,2년 전,5,멋 져요
628,곽정웅,2년 전,3,유채꽃 축제
629,박홍구,2년 전,5,유채꽃 만발
630,김건우,2년 전,5,아주좋음
631,김정훈,2년 전,5,꽃구경은 여기에서^^
632,BYUNG-GOHN CHOO,2년 전,4,굿
633,배덕렴,2년 전,2,조아요
634,신동일,2년 전,5,운동.자전거.마라톤.캠핑
635,이준호,2년 전,4,자전거 대여됩니다
636,조재현,2년 전,4,애들 데리고 놀기 좋을듯
637,강오석,2년 전,5,낙동강 최고의 생태공원
638,박광현,3년 전,3,값이 너무 받으시오며 
639,유명정,2년 전,4,봄이면 유채 여름엔 해바라기 가을엔 코스모스 다채로워요
640,남성환,2년 전,5,경치 굿
641,박해빈,2년 전,5,강서체육공원
642,이채영,3년 전,5,강환아사랑해사랑해사랑해사랑해사랑해사랑해사랑해사랑해사랑해사랑해 
643,SungJune KIM,3년 전,5,"생태공원 이니까 요
"
644,김봉관,3년 전,5,좋은공원
645,Jooseob Kim,3년 전,5,"봄에는 유채꽃, 가을에는 해바라기+코스모스 심는 곳"
646,강경민,4년 전,5,좋습니다 
647,HoonSik Jung,4년 전,4,좋습니다.
648,CHOI YOUNG HO,1일 전,5,"좋아요 조용하고 
다만 쉬는시설이 사람들이 많이 안가는곳이라그런지
노후됨"
649,Dane Lee,19시간 전,5,화명생태공원이 아담한 멋이 있다면 대저생태공원은 넓직하다는 장점.
650,Jack Chan,4달 전,4,"(Google 번역 제공) 노란 꽃 블록이 어디에나 있으며, 즐겁고 편안합니다.

(원문)
大片黄花遍地，賞心樂事，養眼舒服。"
651,Mbok Rachel Wong Asih,4달 전,4,"I visited last autumn for pink muhly grass and cosmos flower.  I still want to visit again next time for another flower such as canola flower.

(Google 번역 제공)
나는 지난 가을에 분홍색 잔디와 코스모스 꽃을 방문했습니다. 나는 다음에 카놀라 꽃과 같은 다른 꽃을 다시 방문하고 싶습니다."
652,Kiuchi Noriko,2달 전,4,"(Google 번역 제공) 매년 유채 꽃으로 노랗게 물드는 강서 구청 근처 자연 풍부한 공원.

(원문)
毎年菜の花で黄色く染まる、江西区役所近くの自然豊かな公園。"
653,Tony,1달 전,5,"A huge flat park without shade and stalls, and a good place to do picnic and take a walk.

(Google 번역 제공)
그늘과 마구간이없는 거대한 평평한 공원과 피크닉을하고 산책하기에 좋은 장소."
654,Zabeth N W,1년 전,5,"I've been here twice. First in Fall season, and second in Spring season. And this place is really good, they have many kind of pretty flowers. Depends on the season which flower you will see. These pictures was taken when they held flower…"
655,Norwel Huang,1년 전,5,"(Google 번역 제공) 2019.05.05 유감스럽게도 유채 꽃 시즌이 지났지 만 꽃이 만발한 꽃 시즌을 맞이했습니다 흰색과 사랑스러운 꽃이 피었습니다.

(원문)
2019.05.05前往，可惜已過油菜花季節，卻碰巧遇上流蘇花的季節，潔白可愛的流蘇花開滿了枝枒，像是下雪了一樣，真的是五月雪啊！"
656,Angela Chuang,1년 전,5,"(Google 번역 제공) 4/8 큰 유채 꽃 꽃의 황금빛 바다가 너무 아름다워 교통이 편리합니다!
지하철을 타고 장시 구청 역까지 걸어 간 후 약 5 분 동안 걸어보세요!

(원문)
4/8 很大的油菜花 金黃色的花海好美麗...交通又便利！
搭地鐵至江西區廳站 步行約五分鐘即可抵達！"
657,Ranjith Kumar,9달 전,4,"Not worthy. But you may get good photos..

(Google 번역 제공)
가치없는. 그러나 당신은 좋은 사진을 얻을 수 있습니다 .."
658,Gary Lau,1년 전,5,"(Google 번역 제공) 매우 아름다운 유채 밭, 공휴일 일찍 도착하는 것을 잊지 마십시오! 백그라운드에서 관광객이 더 적을 수 있습니다!

(원문)
很漂亮的油菜花田，假日記得要早點到啊！背景可少些游人喔！"
659,雅婷林,1년 전,5,"My favourite hidden gem in Busan!
Enjoy the canola flower, cherry blossoms, bamboo forest and wetland all in the same time. Definitely recommend to come for a half day visit. (Can also rent bicycle.)

(Google 번역 제공)
부산에서 가장 좋아하는 숨겨진 보석!
카놀라 꽃, 벚꽃, 대나무 숲, 습지 등을 동시에 즐기십시오. 반나절 방문하러 오는 것이 좋습니다. 자전거 대여도 가능합니다."
660,Febby N,1년 전,5,"I came here when flower festival in autumn season. It really beautiful.

(Google 번역 제공)
나는 가을의 꽃 축제 때 이곳에 왔습니다. 정말 아름다워."
661,Timur Nabijonov,1년 전,5,"Very awesome park! This time of the year ( April) is best time to see canola flowers in this park. They are really beautiful to worth your time!!!!

(Google 번역 제공)
매우 멋진 공원! 이시기 (4 월)는이 공원에서 카놀라 꽃을 볼 수있는 가장 좋은시기입니다. 그들은 당신의 시간 가치가 정말 아름답습니다 !!"
662,Samson Lee,1년 전,3,"(Google 번역 제공) 아마도 계절이 맞지 않고 유채가 번영하지는 않지만 여전히 방문 할 가치가 있습니다.

(원문)
可能是季節不對，油菜花不算繁盛，但仍值得一遊。"
663,Ya Ting Lin,1년 전,4,"(Google 번역 제공) 유채 꽃이없는 계절에는 아무것도 없으며, 공원 한 대를 타기 위해 1 시간의 자전거를 대여 할 수 있으며, 벚꽃길도 있지만 시즌에 갈 수 있습니다.

(원문)
沒有油菜花櫻花的季節沒什麼，可以租一小時的單車把整個公園騎一圈，還有一條櫻花道，但要去對季節。"
664,Feng Yi,1년 전,5,"(Google 번역 제공) 그것은 아름다운 장소입니다 ~~ 그것은 매우 넓고 많은 사람들이 있다면 혼잡하지 않습니다 ~

(원문)
很美的地方~~很寬闊，人多也不會覺得擁擠~"
665,Om madria,1년 전,5,"A wonderful experience a rare opportunity to see the yellow flowers and cherry blossom in their full glory. A treat for the eyes.

(Google 번역 제공)
노란색 꽃과 벚꽃을 한 눈에 볼 수있는 드문 기회입니다. 눈을위한 치료."
666,Mod Suchada,1년 전,5,"Beautiful place. Spring season is so good here. Canola flowers, Cherry blossom and flower garden.

(Google 번역 제공)
아름다운 곳. 봄은 여기에 아주 좋습니다. 카놀라 꽃, 벚꽃과 꽃밭."
667,林怡成,1년 전,4,"(Google 번역 제공) 벚꽃이 없으면 유채도 매우 아름답지만 조금 멀어요.

(원문)
沒櫻花，油菜花也很漂亮，不過就是遠了點。"
668,Kanakarn Yakob,1년 전,4,"The ample flower field.very beautifull
But the smell of flower made me dizziness.

(Google 번역 제공)
충분한 꽃밭. 아주 아름답다.
그러나 꽃 냄새가 나를 어지러움으로 만들었습니다."
669,Li Yuk,2년 전,5,"(Google 번역 제공) 부산의 멋진 공원, 지하철역 근처, 4 월에 강간 축제가 있으며이 지역은 매우 큽니다! 입장료는 무료이며, 공원에는 푸드 트럭, 농산물 판촉 및 공연이 있습니다. 시간이 맞다면 여행은 가야합니다!

(원문)
釜山不錯公園，近地鐵站，每逢4月有油菜花節，面積很廣大！免費入場，園內有美食車、農產品推廣、表演活動。旅程必去，如果時間配合！"
670,Pamela Heo,1년 전,4,"What a wonderful experience! Seemed like an endless field of canola flowers.

(Google 번역 제공)
정말 멋진 경험! 끝없는 카놀라 꽃밭 같았습니다."
671,Ayesha Munira,2년 전,5,"Must visit during Canola flower festival! Daejo flower park arranges the biggest canola flower festival and the place looks magical during that time. Also there are tons of stalls of food and other stuffs during the festival, so you can…"
672,zarxvoan Tien,1년 전,4,"(Google 번역 제공) 전체 벚꽃과 결합 된 유채의 전체 조각은 매우 아름답습니다.

(원문)
油菜花一整片，結合滿開櫻花，非常美。"
673,Naomi Chen,1년 전,5,"(Google 번역 제공) 초대형 유채 밭은 잘 계획되어 있습니다. 옆의 벚꽃 자전거 차선을 따라 산책하는 것이 좋습니다. 벚꽃이 없어도 아름답다

(원문)
超級大片的油菜花田，規劃的很棒。建議沿著旁邊的櫻花單車道漫步。就算沒櫻花也很美"
674,沈靜宜,2년 전,5,"(Google 번역 제공) 유채의 전체 분야,
유채 밭의 반대편에는 벚나무 산책로가 줄 지어 있습니다. 노란 봄은 봄으로 가득 차 있으며 분홍색과 흰색 벚꽃으로 매우 아름답습니다!

(원문)
滿滿的一整片油菜花田，
油菜花田的另一旁是一整排的櫻花樹步道，黃澄澄的一片春意盎然，配上粉白白櫻花，非常美麗!"
675,Yu Fang Lo,1년 전,4,"(Google 번역 제공) 유채 꽃이 장관이며 그 옆에있는 벚꽃이 조금 떨어졌습니다.

(원문)
油菜花很壯觀，旁邊的櫻花已經有點凋落"
676,Akhmad Al-Farouqi Sastrowiyono,1년 전,5,"Very beautiful place to take lots of photos! Tourist are very easy and welcomed

(Google 번역 제공)
많은 아름다운 사진을 찍을 수있는 아주 아름다운 곳! 관광객은 매우 쉽고 환영 받는다."
677,Esther Tan,1년 전,4,"(Google 번역 제공) 유채는 너무 아름다워 일주일 만에 더욱 아름답고 번성합니다.

(원문)
油菜花好漂亮，多一星期会更美更茂盛。"
678,Edi Utomo Putra,2년 전,5,Daejeo Ecological Park is quite good park especially in the spring. here you can enjoy the cherry blossoms and another flowers like tulip also. in side the park there is like a field with cosmos flower and i can say that this park is…
679,吳淑雯,1년 전,5,"(Google 번역 제공) 넓은 장소
슈퍼 아름다운 유채 바다

(원문)
好寬闊的地方
超美的油菜花海"
680,Brenda Lam,2년 전,2,"(Google 번역 제공) 소량의 꽃이 열렸다. 구글 맵은 역이 잘못되었음을 나타냅니다. 최근 316 장 시구 ​​홀 역에 차를 떨어 뜨려야합니다.

(원문)
少量花開，Google map指示車站不對，應該在316江西區廳站落車最近。"
681,Chung Pham,1년 전,5,"It's also a good place for relaxation with beautiful flowers

(Google 번역 제공)
아름다운 꽃과 함께 휴식을 취할 수있는 좋은 장소이기도합니다."
682,김예진,1년 전,4,"This is a great place for a walk, bike and have fun! There is a path for all walkers and bikers with trees on the side. Also whenever there is a chance you get to see flowers or pretty meadow, it is great for intagram photos. Last week I…"
683,べへじん,1년 전,5,"(Google 번역 제공) 굉장히 깨끗했기

(원문)
すごく奇麗だった"
684,Diyah Fatimah Oktaviani,1년 전,4,"This place is so pretty, i enjoyed very much...they planted different flowers in different season, for example this summer, they planted sunflowers. And for spring they planted canola

(Google 번역 제공)
이 곳은 너무 예쁘고 즐거웠습니다. 그들은 다른 계절에 다른 꽃을 심었습니다. 예를 들어 이번 여름, 그들은 해바라기를 심었습니다. 그리고 봄에 그들은 캐놀라를 심었습니다."
685,Sophia lin,1년 전,4,"(Google 번역 제공) 콜리 플라워 계절과 유채 꽃 벚꽃, 놀라운!

(원문)
在櫻花季與油花菜季，令人驚艷！"
686,VENU GOPAL NULU,1년 전,4,"Fantastic place at the end of Spring.

(Google 번역 제공)
봄의 끝에서 환상적인 장소."
687,T0oNg Chaisorn,1년 전,5,"It's very easy to go to the park!

(Google 번역 제공)
공원에 가기는 매우 쉽습니다!"
688,YAYUN TSAI,2년 전,5,"(Google 번역 제공) 매우 아름다운 곳 4 월에 벚꽃을 보러 부산에 오면 유채 꽃을 볼 수있는 곳으로 오세요.

(원문)
很美的地方 四月來釜山賞櫻的話很值得安排來這邊賞油菜花"
689,Isabelle Cho,2년 전,5,"(Google 번역 제공) 유채 꽃은 매우 아름답지만 알레르기를 일으킬 수 있으므로 마스크를 사용하는 것이 가장 좋습니다.

(원문)
油菜花很漂亮非常多，但可能會引起過敏，最好準備口罩備用。"
690,Claire Chen,1년 전,5,"(Google 번역 제공) 미국 슈퍼 치유를 통해 끝없는 유채 꽃밭,

(원문)
一望無際的油菜花田，超美超療癒的"
691,christi hayunindita,2년 전,4,A place where they held the annual canola flower festival. Lots of street food cart during the festival. Better visit it during the last week od the festival (around early april) so it won't be to crowded. Good place to take pics and family…
692,บัณฑิตย์ จันทร์ขามป้อม,2년 전,5,"(Google 번역 제공) 매우 아름답지만 여전히 몇 번이나 인상적입니다.

(원문)
สวยงามมากค่ะ  มากี่ครั้งก้อยังประทับใจเหมือนเดิมค่ะ"
693,Chitapa B.,2년 전,5,"I am really impressed in this place. You can walk from station. Beautiful landscape!

(Google 번역 제공)
나는 이곳에서 정말 감동합니다. 역에서 걸어 갈 수 있습니다. 아름다운 풍경!"
694,Thơm Lưu,2년 전,3,"(Google 번역 제공) 유채 꽃은 아름답고 아름답습니다. 깨끗한 공기

(원문)
Hoa cải rất nhiều và đẹp. Không khí trong lành"
695,elle Chang,1년 전,5,"(Google 번역 제공) 유채 밭의 넓은 창

(원문)
大片的油菜花田 令人驚呼連連"
696,wen-feng Hsu,9달 전,4,"(Google 번역 제공) 또 다른 아름다움

(원문)
另一種美"
697,wai chan,2년 전,5,"(Google 번역 제공) 환경은 아름답고 사진을 찍을 시간을 따로두고 계절과 날씨에주의를 기울일 가치가 있습니다.

(원문)
環境優美，值得預留時間影相，要注意季節時間，同天氣影響"
698,PENNY CHEN,2년 전,4,"(Google 번역 제공) 강간은 장관이며 그 옆에 벚꽃 산책로와 대나무 산책로가 있습니다.

(원문)
油菜花田很壯觀，旁邊也有櫻花步道及竹林步道"
699,謝華善,1년 전,5,"(Google 번역 제공) 넓은 지역, 벚꽃과 유채

(원문)
面積大 有櫻花又有油菜花"
700,YR Jeong,1년 전,4,"This is a river beach in northern westside of Nakdong river in Busan city. This site is popular in March, April and October because of cherry blossom, raping flower and pink muhly. But it is quite in the other months comparing to Hwamyeng…"
701,Mariohy Wong,2년 전,5,"Vast expanse of  Canola flowers in full bloom.  Absolutely beautiful!

(Google 번역 제공)
만개 한 카놀라 꽃의 광대 한 창공. 엄청나게 아름다운!"
702,Faten Laila,1년 전,5,"Amazing place when it’s the right time! 
The 6th Yuchae Nakdong River Canola Flower Festival has started on April 14 and we came on 15th; a Sunday filled with crowds of local people and food trucks. 
The canola field is massive and we…"
703,William T,1년 전,5,"One of my favorite parks in Busan.

(Google 번역 제공)
부산에서 가장 좋아하는 공원 중 하나."
704,Sau Wai Yeung,2년 전,5,"(Google 번역 제공) 편리한 교통, 지하철이 도보로 5 분 거리에 있습니다.

(원문)
交通方便, 地鐵一出, 步行5分鐘可到"
705,Yuling Hsu,2년 전,5,"(Google 번역 제공) 벚꽃과 유채 꽃을 즐기면서 4 월 초에 방문합니다.

(원문)
四月初造訪，同時可賞櫻花與油菜花。"
706,Thach Tran,2년 전,4,"(Google 번역 제공) 꽤 놀라운

(원문)
Khá tuyệt vời"
707,Mark Romulo Ang,1년 전,5,"Beautiful canola flowers...

(Google 번역 제공)
아름다운 카놀라 꽃 ..."
708,a-la-le chan star story,2년 전,5,"(Google 번역 제공) 매우 아름답고 입장료 없음

(원문)
สวยมากไม่เสียค่าเข้าชม"
709,Bee Gwek Lee,2년 전,4,"(Google 번역 제공) 유채 꽃은 한 걸음 만 열 수 있으므로 들어갈 수 없습니다.

(원문)
油菜花只开放一步份能进去，其以是不能进去"
710,law treetree,2년 전,4,"(Google 번역 제공) 한 장소에 갈 시간이 가치

(원문)
值得花時間一個去嘅地方"
711,Sapto Andriyono,2년 전,5,"(Google 번역 제공) 아름다운 꽃 시즌은 전문적으로 관리됩니다.

(원문)
Musim bunga yang indah dikelola secara profesional"
712,Chong Kong Lum,1년 전,3,"Still quite barren at this time; March is not the best time to visit

(Google 번역 제공)
이시기에는 여전히 불모의 상태입니다. 3 월은 방문하기에 최적의 시간이 아닙니다."
713,왕여주,2년 전,5,"(Google 번역 제공) 4 월에는 유채 축제가 정말 아름답 기 때문에 일찍 오는 것이 가장 좋습니다. 그렇지 않으면 많은 사람들이있을 것입니다.

(원문)
在四月中,這裡的油菜花祭真是美麗,最好早一点来,不然人很多。"
714,Mangal Sain,2년 전,4,"A good place for relax and spending weekend with family

(Google 번역 제공)
가족과 함께 주말을 보내고 휴식을 취하기에 좋은 곳"
715,Kup Tang,2년 전,5,"(Google 번역 제공) 유채 밭이 크고 벚꽃길이 있습니다.

(원문)
油菜花田好大，還有櫻花道。"
716,slam JR37,1년 전,5,"(Google 번역 제공) 잘 조직되어있다.

(원문)
Bagus sangat tertata"
717,cah76,1년 전,5,"Fresh.......yellow colour

(Google 번역 제공)
신선한 ....... 노란색 색상"
718,김정훈,1년 전,5,"I love here

(Google 번역 제공)
여기가 좋아"
719,黃德華,2년 전,3,"(Google 번역 제공) 유채 밭이 꽉 차서 매우 아름답습니다

(원문)
油菜花田 油菜花滿開 十分美麗"
720,sangin lee,2년 전,3,"Beatiful on spring.

(Google 번역 제공)
아름 다운 봄입니다."
721,Lis Duarte,1년 전,5,"(Google 번역 제공) 아름다운

(원문)
Hermoso"
722,楊玲如,2년 전,4,"(Google 번역 제공) 4 월 중순부터 4 월 말까지 한국 유채 공원

(원문)
韓國油菜花公園，四月中~四月底"
723,Kanokwan Anusak,4년 전,5,"Around April or Spring, there is very beautiful yellow flowers in the park.

(Google 번역 제공)
4 월 또는 봄경에는 공원에 매우 아름다운 노란 꽃이 있습니다."
724,Alex Chung,1년 전,3,"(Google 번역 제공) 유채의 범위는 매우 넓습니다.

(원문)
油菜花的範圍非常之大"
725,Effendy Mohamed,2년 전,4,"Nice place to be during spring time

(Google 번역 제공)
봄 시간 동안 좋은 곳"
726,Cheng Siew Hoon,2년 전,5,"Love the flowers, nice for photos shooting.

(Google 번역 제공)
사진 촬영에 좋은 꽃을 좋아하십시오."
727,박창수,1년 전,5,"Good

(Google 번역 제공)
좋은"
728,Ann Mak,1년 전,4,"(Google 번역 제공) 봄의 많은 유채 밭

(원문)
春天很多油菜花田"
729,謝佳靜,1년 전,5,"(Google 번역 제공) 약간 유채 ... 불행히도

(원문)
小小油菜花……可惜"
730,Rianur Febriani,1년 전,5,😍😍😍
731,yumi Tseng,2년 전,5,"(Google 번역 제공) 너무 아름답고 광대합니다!

(원문)
好美好遼闊！"
732,Rungkamol Kaeorakta,1년 전,5,"(Google 번역 제공) 아름다운

(원문)
สวยงาม"
733,Byungoh Cho,1년 전,5,"Good

(Google 번역 제공)
좋은"
734,Enzo Luo,1년 전,5,"Nice place

(Google 번역 제공)
좋은 곳"
735,Latief Javear,1년 전,5,"(Google 번역 제공) 아름답고 재미있는

(원문)
Indan dan menyenangkan"
736,Wen L,1년 전,4,"(Google 번역 제공) 매우 아름답다!

(원문)
非常美！"
737,Nur EqmaDmaria93,2년 전,5,"Beautiful park..

(Google 번역 제공)
아름다운 공원 .."
738,Sinar Pagi,2년 전,5,"Nice scenery

(Google 번역 제공)
좋은 경치"
739,Ethan Huang,2년 전,5,"(Google 번역 제공) 강간이 아름답습니다

(원문)
油菜花田很漂亮"
740,Gihan Ekanayake,2년 전,4,"Beautiful and clean place

(Google 번역 제공)
아름답고 깨끗한 장소"
741,Eva F,2년 전,4,"Beautiful flowers bed

(Google 번역 제공)
아름다운 꽃 침대"
742,Miyano Masaaki,2년 전,4,"(Google 번역 제공) 유채 꽃이 깨끗합니다. 넓다.

(원문)
菜の花が綺麗です。広い。"
743,양희헌,2년 전,5,"Good

(Google 번역 제공)
좋은"
744,Bonnie Bryton,2년 전,4,"Every season different flowers.

(Google 번역 제공)
계절마다 다른 꽃."
745,riidiary,2년 전,4,"very beautiful

(Google 번역 제공)
매우 아름다운"
746,Pravit Plymas,1년 전,5,"Fantastic view

(Google 번역 제공)
환상적인 전망"
747,Minhee Bak,2년 전,5,"Love it

(Google 번역 제공)
그것을 사랑해"
748,CHOWON KIM,2년 전,5,"It was sooo beautiful

(Google 번역 제공)
그것은 아름다운 sooo이었다."
749,Nhi Tran,3년 전,4,"(Google 번역 제공) 큰

(원문)
Rat tuyet"
750,Mark Hung,3년 전,5,"(Google 번역 제공) 유채 꽃 계절 한정미

(원문)
油菜花季節限定美景"
751,sungwoo shin,3년 전,5,"Fastival

(Google 번역 제공)
Fastival"
752,시열이,1년 전,5,
753,황인옥,1년 전,4,
754,劉偉國,2년 전,3,
755,Virna,1년 전,4,
756,Hwirang Park,2달 전,3,
757,박성배,2년 전,3,
